Type,SKU,Name,Published,Regular price,Sale price,Categories,Images,Short description,Parent,Attribute 1 name,Attribute 1 value(s),Attribute 1 visible,Attribute 1 global,Manage stock?,Stock
variable,TS-102,Hello Kitty Phiên Bản Thiên Thần,1,,,Gấu bông hoạt hình > Hello Kitty,http://localhost/teddy-shop/wp-content/uploads/2026/05/kitty-thienthan.jpg,"Hello Kitty Phiên Bản Thiên Thần được làm từ chất liệu cao cấp, bông PP 3D tinh khiết siêu mềm mịn. Thiết kế tinh xảo, đường may chắc chắn, phù hợp làm quà tặng hoặc trang trí.",,Kích thước,"30cm, 50cm, 70cm",1.0,1,1,
variation,TS-102-1,Hello Kitty Phiên Bản Thiên Thần - 30cm,1,270000.0,237000.0,,http://localhost/teddy-shop/wp-content/uploads/2026/05/kitty-thienthan.jpg,,TS-102,Kích thước,30cm,,1,1,50
variation,TS-102-2,Hello Kitty Phiên Bản Thiên Thần - 50cm,1,340000.0,299000.0,,http://localhost/teddy-shop/wp-content/uploads/2026/05/kitty-thienthan.jpg,,TS-102,Kích thước,50cm,,1,1,50
variation,TS-102-3,Hello Kitty Phiên Bản Thiên Thần - 70cm,1,410000.0,360000.0,,http://localhost/teddy-shop/wp-content/uploads/2026/05/kitty-thienthan.jpg,,TS-102,Kích thước,70cm,,1,1,50
variable,TS-103,Hello Kitty Cosplay Thỏ Trắng,1,,,Gấu bông hoạt hình > Hello Kitty,http://localhost/teddy-shop/wp-content/uploads/2026/05/kitty-thotrang.jpg,"Hello Kitty Cosplay Thỏ Trắng được làm từ chất liệu cao cấp, bông PP 3D tinh khiết siêu mềm mịn. Thiết kế tinh xảo, đường may chắc chắn, phù hợp làm quà tặng hoặc trang trí.",,Kích thước,"30cm, 50cm, 70cm",1.0,1,1,
variation,TS-103-1,Hello Kitty Cosplay Thỏ Trắng - 30cm,1,180000.0,158000.0,,http://localhost/teddy-shop/wp-content/uploads/2026/05/kitty-thotrang.jpg,,TS-103,Kích thước,30cm,,1,1,50
variation,TS-103-2,Hello Kitty Cosplay Thỏ Trắng - 50cm,1,250000.0,220000.0,,http://localhost/teddy-shop/wp-content/uploads/2026/05/kitty-thotrang.jpg,,TS-103,Kích thước,50cm,,1,1,50
variation,TS-103-3,Hello Kitty Cosplay Thỏ Trắng - 70cm,1,320000.0,281000.0,,http://localhost/teddy-shop/wp-content/uploads/2026/05/kitty-thotrang.jpg,,TS-103,Kích thước,70cm,,1,1,50
variable,TS-104,Gấu Bông Hello Kitty Đeo Nơ Chấm Bi,1,,,Gấu bông hoạt hình > Hello Kitty,http://localhost/teddy-shop/wp-content/uploads/2026/05/kitty-nochambi.jpg,"Gấu Bông Hello Kitty Đeo Nơ Chấm Bi được làm từ chất liệu cao cấp, bông PP 3D tinh khiết siêu mềm mịn. Thiết kế tinh xảo, đường may chắc chắn, phù hợp làm quà tặng hoặc trang trí.",,Kích thước,"30cm, 50cm, 70cm",1.0,1,1,
variation,TS-104-1,Gấu Bông Hello Kitty Đeo Nơ Chấm Bi - 30cm,1,340000.0,299000.0,,http://localhost/teddy-shop/wp-content/uploads/2026/05/kitty-nochambi.jpg,,TS-104,Kích thước,30cm,,1,1,50
variation,TS-104-2,Gấu Bông Hello Kitty Đeo Nơ Chấm Bi - 50cm,1,410000.0,360000.0,,http://localhost/teddy-shop/wp-content/uploads/2026/05/kitty-nochambi.jpg,,TS-104,Kích thước,50cm,,1,1,50
variation,TS-104-3,Gấu Bông Hello Kitty Đeo Nơ Chấm Bi - 70cm,1,480000.0,422000.0,,http://localhost/teddy-shop/wp-content/uploads/2026/05/kitty-nochambi.jpg,,TS-104,Kích thước,70cm,,1,1,50
variable,TS-105,Hello Kitty Handmade Dễ Thương,1,,,Gấu bông hoạt hình > Hello Kitty,http://localhost/teddy-shop/wp-content/uploads/2026/05/kitty-handmade.jpg,"Hello Kitty Handmade Dễ Thương được làm từ chất liệu cao cấp, bông PP 3D tinh khiết siêu mềm mịn. Thiết kế tinh xảo, đường may chắc chắn, phù hợp làm quà tặng hoặc trang trí.",,Kích thước,"30cm, 50cm, 70cm",1.0,1,1,
variation,TS-105-1,Hello Kitty Handmade Dễ Thương - 30cm,1,380000.0,334000.0,,http://localhost/teddy-shop/wp-content/uploads/2026/05/kitty-handmade.jpg,,TS-105,Kích thước,30cm,,1,1,50
variation,TS-105-2,Hello Kitty Handmade Dễ Thương - 50cm,1,450000.0,396000.0,,http://localhost/teddy-shop/wp-content/uploads/2026/05/kitty-handmade.jpg,,TS-105,Kích thước,50cm,,1,1,50
variation,TS-105-3,Hello Kitty Handmade Dễ Thương - 70cm,1,520000.0,457000.0,,http://localhost/teddy-shop/wp-content/uploads/2026/05/kitty-handmade.jpg,,TS-105,Kích thước,70cm,,1,1,50
variable,TS-106,Hello Kitty Ôm Cá,1,,,Gấu bông hoạt hình > Hello Kitty,http://localhost/teddy-shop/wp-content/uploads/2026/05/kitty-omca.jpg,"Hello Kitty Ôm Cá được làm từ chất liệu cao cấp, bông PP 3D tinh khiết siêu mềm mịn. Thiết kế tinh xảo, đường may chắc chắn, phù hợp làm quà tặng hoặc trang trí.",,Kích thước,"30cm, 50cm, 70cm",1.0,1,1,
variation,TS-106-1,Hello Kitty Ôm Cá - 30cm,1,210000.0,184000.0,,http://localhost/teddy-shop/wp-content/uploads/2026/05/kitty-omca.jpg,,TS-106,Kích thước,30cm,,1,1,50
variation,TS-106-2,Hello Kitty Ôm Cá - 50cm,1,280000.0,246000.0,,http://localhost/teddy-shop/wp-content/uploads/2026/05/kitty-omca.jpg,,TS-106,Kích thước,50cm,,1,1,50
variation,TS-106-3,Hello Kitty Ôm Cá - 70cm,1,350000.0,308000.0,,http://localhost/teddy-shop/wp-content/uploads/2026/05/kitty-omca.jpg,,TS-106,Kích thước,70cm,,1,1,50
variable,TS-107,Hello Kitty Cầm Bó Hoa,1,,,Gấu bông hoạt hình > Hello Kitty,http://localhost/teddy-shop/wp-content/uploads/2026/05/kitty-camhoa.jpg,"Hello Kitty Cầm Bó Hoa được làm từ chất liệu cao cấp, bông PP 3D tinh khiết siêu mềm mịn. Thiết kế tinh xảo, đường may chắc chắn, phù hợp làm quà tặng hoặc trang trí.",,Kích thước,"30cm, 50cm, 70cm",1.0,1,1,
variation,TS-107-1,Hello Kitty Cầm Bó Hoa - 30cm,1,270000.0,237000.0,,http://localhost/teddy-shop/wp-content/uploads/2026/05/kitty-camhoa.jpg,,TS-107,Kích thước,30cm,,1,1,50
variation,TS-107-2,Hello Kitty Cầm Bó Hoa - 50cm,1,340000.0,299000.0,,http://localhost/teddy-shop/wp-content/uploads/2026/05/kitty-camhoa.jpg,,TS-107,Kích thước,50cm,,1,1,50
variation,TS-107-3,Hello Kitty Cầm Bó Hoa - 70cm,1,410000.0,360000.0,,http://localhost/teddy-shop/wp-content/uploads/2026/05/kitty-camhoa.jpg,,TS-107,Kích thước,70cm,,1,1,50
variable,TS-108,Hello Kitty Lông Xù Mềm Mịn,1,,,Gấu bông hoạt hình > Hello Kitty,http://localhost/teddy-shop/wp-content/uploads/2026/05/kitty-longxu.jpeg,"Hello Kitty Lông Xù Mềm Mịn được làm từ chất liệu cao cấp, bông PP 3D tinh khiết siêu mềm mịn. Thiết kế tinh xảo, đường may chắc chắn, phù hợp làm quà tặng hoặc trang trí.",,Kích thước,"30cm, 50cm, 70cm",1.0,1,1,
variation,TS-108-1,Hello Kitty Lông Xù Mềm Mịn - 30cm,1,220000.0,193000.0,,http://localhost/teddy-shop/wp-content/uploads/2026/05/kitty-longxu.jpeg,,TS-108,Kích thước,30cm,,1,1,50
variation,TS-108-2,Hello Kitty Lông Xù Mềm Mịn - 50cm,1,290000.0,255000.0,,http://localhost/teddy-shop/wp-content/uploads/2026/05/kitty-longxu.jpeg,,TS-108,Kích thước,50cm,,1,1,50
variation,TS-108-3,Hello Kitty Lông Xù Mềm Mịn - 70cm,1,360000.0,316000.0,,http://localhost/teddy-shop/wp-content/uploads/2026/05/kitty-longxu.jpeg,,TS-108,Kích thước,70cm,,1,1,50
variable,TS-109,Hello Kitty Baby Ôm Bình Sữa,1,,,Gấu bông hoạt hình > Hello Kitty,http://localhost/teddy-shop/wp-content/uploads/2026/05/kitty-ombinhsua.jpg,"Hello Kitty Baby Ôm Bình Sữa được làm từ chất liệu cao cấp, bông PP 3D tinh khiết siêu mềm mịn. Thiết kế tinh xảo, đường may chắc chắn, phù hợp làm quà tặng hoặc trang trí.",,Kích thước,"30cm, 50cm, 70cm",1.0,1,1,
variation,TS-109-1,Hello Kitty Baby Ôm Bình Sữa - 30cm,1,230000.0,202000.0,,http://localhost/teddy-shop/wp-content/uploads/2026/05/kitty-ombinhsua.jpg,,TS-109,Kích thước,30cm,,1,1,50
variation,TS-109-2,Hello Kitty Baby Ôm Bình Sữa - 50cm,1,300000.0,264000.0,,http://localhost/teddy-shop/wp-content/uploads/2026/05/kitty-ombinhsua.jpg,,TS-109,Kích thước,50cm,,1,1,50
variation,TS-109-3,Hello Kitty Baby Ôm Bình Sữa - 70cm,1,370000.0,325000.0,,http://localhost/teddy-shop/wp-content/uploads/2026/05/kitty-ombinhsua.jpg,,TS-109,Kích thước,70cm,,1,1,50
variable,TS-110,Gấu Bông Kuromi Quỷ Nhỏ Tím,1,,,Gấu bông hoạt hình > Kuromi - Melody,http://localhost/teddy-shop/wp-content/uploads/2026/05/kuromi-quynhotim.jpg,"Gấu Bông Kuromi Quỷ Nhỏ Tím được làm từ chất liệu cao cấp, bông PP 3D tinh khiết siêu mềm mịn. Thiết kế tinh xảo, đường may chắc chắn, phù hợp làm quà tặng hoặc trang trí.",,Kích thước,"30cm, 50cm, 70cm",1.0,1,1,
variation,TS-110-1,Gấu Bông Kuromi Quỷ Nhỏ Tím - 30cm,1,380000.0,334000.0,,http://localhost/teddy-shop/wp-content/uploads/2026/05/kuromi-quynhotim.jpg,,TS-110,Kích thước,30cm,,1,1,50
variation,TS-110-2,Gấu Bông Kuromi Quỷ Nhỏ Tím - 50cm,1,450000.0,396000.0,,http://localhost/teddy-shop/wp-content/uploads/2026/05/kuromi-quynhotim.jpg,,TS-110,Kích thước,50cm,,1,1,50
variation,TS-110-3,Gấu Bông Kuromi Quỷ Nhỏ Tím - 70cm,1,520000.0,457000.0,,http://localhost/teddy-shop/wp-content/uploads/2026/05/kuromi-quynhotim.jpg,,TS-110,Kích thước,70cm,,1,1,50
variable,TS-111,My Melody Trùm Đầu Hồng Đáng Yêu,1,,,Gấu bông hoạt hình > Kuromi - Melody,http://localhost/teddy-shop/wp-content/uploads/2026/05/kuromi-trumdauhong.webp,"My Melody Trùm Đầu Hồng Đáng Yêu được làm từ chất liệu cao cấp, bông PP 3D tinh khiết siêu mềm mịn. Thiết kế tinh xảo, đường may chắc chắn, phù hợp làm quà tặng hoặc trang trí.",,Kích thước,"30cm, 50cm, 70cm",1.0,1,1,
variation,TS-111-1,My Melody Trùm Đầu Hồng Đáng Yêu - 30cm,1,130000.0,114000.0,,http://localhost/teddy-shop/wp-content/uploads/2026/05/kuromi-trumdauhong.webp,,TS-111,Kích thước,30cm,,1,1,50
variation,TS-111-2,My Melody Trùm Đầu Hồng Đáng Yêu - 50cm,1,200000.0,176000.0,,http://localhost/teddy-shop/wp-content/uploads/2026/05/kuromi-trumdauhong.webp,,TS-111,Kích thước,50cm,,1,1,50
variation,TS-111-3,My Melody Trùm Đầu Hồng Đáng Yêu - 70cm,1,270000.0,237000.0,,http://localhost/teddy-shop/wp-content/uploads/2026/05/kuromi-trumdauhong.webp,,TS-111,Kích thước,70cm,,1,1,50
variable,TS-112,Kuromi Mặc Váy Lolita Sang Chảnh,1,,,Gấu bông hoạt hình > Kuromi - Melody,http://localhost/teddy-shop/wp-content/uploads/2026/05/kuromi-macvay.jpg,"Kuromi Mặc Váy Lolita Sang Chảnh được làm từ chất liệu cao cấp, bông PP 3D tinh khiết siêu mềm mịn. Thiết kế tinh xảo, đường may chắc chắn, phù hợp làm quà tặng hoặc trang trí.",,Kích thước,"30cm, 50cm, 70cm",1.0,1,1,
variation,TS-112-1,Kuromi Mặc Váy Lolita Sang Chảnh - 30cm,1,230000.0,202000.0,,http://localhost/teddy-shop/wp-content/uploads/2026/05/kuromi-macvay.jpg,,TS-112,Kích thước,30cm,,1,1,50
variation,TS-112-2,Kuromi Mặc Váy Lolita Sang Chảnh - 50cm,1,300000.0,264000.0,,http://localhost/teddy-shop/wp-content/uploads/2026/05/kuromi-macvay.jpg,,TS-112,Kích thước,50cm,,1,1,50
variation,TS-112-3,Kuromi Mặc Váy Lolita Sang Chảnh - 70cm,1,370000.0,325000.0,,http://localhost/teddy-shop/wp-content/uploads/2026/05/kuromi-macvay.jpg,,TS-112,Kích thước,70cm,,1,1,50
variable,TS-113,My Melody Ôm Dâu Tây Chín,1,,,Gấu bông hoạt hình > Kuromi - Melody,http://localhost/teddy-shop/wp-content/uploads/2026/05/kuromi-omdautay.jpg,"My Melody Ôm Dâu Tây Chín được làm từ chất liệu cao cấp, bông PP 3D tinh khiết siêu mềm mịn. Thiết kế tinh xảo, đường may chắc chắn, phù hợp làm quà tặng hoặc trang trí.",,Kích thước,"30cm, 50cm, 70cm",1.0,1,1,
variation,TS-113-1,My Melody Ôm Dâu Tây Chín - 30cm,1,330000.0,290000.0,,http://localhost/teddy-shop/wp-content/uploads/2026/05/kuromi-omdautay.jpg,,TS-113,Kích thước,30cm,,1,1,50
variation,TS-113-2,My Melody Ôm Dâu Tây Chín - 50cm,1,400000.0,352000.0,,http://localhost/teddy-shop/wp-content/uploads/2026/05/kuromi-omdautay.jpg,,TS-113,Kích thước,50cm,,1,1,50
variation,TS-113-3,My Melody Ôm Dâu Tây Chín - 70cm,1,470000.0,413000.0,,http://localhost/teddy-shop/wp-content/uploads/2026/05/kuromi-omdautay.jpg,,TS-113,Kích thước,70cm,,1,1,50
variable,TS-114,Set Đôi Kuromi & My Melody Kỷ Niệm,1,,,Gấu bông hoạt hình > Kuromi - Melody,hhttp://localhost/teddy-shop/wp-content/uploads/2026/05/kuromi-setkyniem.webp,"Set Đôi Kuromi & My Melody Kỷ Niệm được làm từ chất liệu cao cấp, bông PP 3D tinh khiết siêu mềm mịn. Thiết kế tinh xảo, đường may chắc chắn, phù hợp làm quà tặng hoặc trang trí.",,Kích thước,"30cm, 50cm, 70cm",1.0,1,1,
variation,TS-114-1,Set Đôi Kuromi & My Melody Kỷ Niệm - 30cm,1,380000.0,334000.0,,hhttp://localhost/teddy-shop/wp-content/uploads/2026/05/kuromi-setkyniem.webp,,TS-114,Kích thước,30cm,,1,1,50
variation,TS-114-2,Set Đôi Kuromi & My Melody Kỷ Niệm - 50cm,1,450000.0,396000.0,,hhttp://localhost/teddy-shop/wp-content/uploads/2026/05/kuromi-setkyniem.webp,,TS-114,Kích thước,50cm,,1,1,50
variation,TS-114-3,Set Đôi Kuromi & My Melody Kỷ Niệm - 70cm,1,520000.0,457000.0,,hhttp://localhost/teddy-shop/wp-content/uploads/2026/05/kuromi-setkyniem.webp,,TS-114,Kích thước,70cm,,1,1,50
variable,TS-115,Kuromi Biểu Cảm Hài Hước,1,,,Gấu bông hoạt hình > Kuromi - Melody,http://localhost/teddy-shop/wp-content/uploads/2026/05/kuromi-bieucam.png,"Kuromi Biểu Cảm Hài Hước được làm từ chất liệu cao cấp, bông PP 3D tinh khiết siêu mềm mịn. Thiết kế tinh xảo, đường may chắc chắn, phù hợp làm quà tặng hoặc trang trí.",,Kích thước,"30cm, 50cm, 70cm",1.0,1,1,
variation,TS-115-1,Kuromi Biểu Cảm Hài Hước - 30cm,1,270000.0,237000.0,,http://localhost/teddy-shop/wp-content/uploads/2026/05/kuromi-bieucam.png,,TS-115,Kích thước,30cm,,1,1,50
variation,TS-115-2,Kuromi Biểu Cảm Hài Hước - 50cm,1,340000.0,299000.0,,http://localhost/teddy-shop/wp-content/uploads/2026/05/kuromi-bieucam.png,,TS-115,Kích thước,50cm,,1,1,50
variation,TS-115-3,Kuromi Biểu Cảm Hài Hước - 70cm,1,410000.0,360000.0,,http://localhost/teddy-shop/wp-content/uploads/2026/05/kuromi-bieucam.png,,TS-115,Kích thước,70cm,,1,1,50
variable,TS-116,My Melody Ôm Trái Tim,1,,,Gấu bông hoạt hình > Kuromi - Melody,http://localhost/teddy-shop/wp-content/uploads/2026/05/melody-omtym.png,"My Melody Ôm Trái Tim được làm từ chất liệu cao cấp, bông PP 3D tinh khiết siêu mềm mịn. Thiết kế tinh xảo, đường may chắc chắn, phù hợp làm quà tặng hoặc trang trí.",,Kích thước,"30cm, 50cm, 70cm",1.0,1,1,
variation,TS-116-1,My Melody Ôm Trái Tim - 30cm,1,290000.0,255000.0,,http://localhost/teddy-shop/wp-content/uploads/2026/05/melody-omtym.png,,TS-116,Kích thước,30cm,,1,1,50
variation,TS-116-2,My Melody Ôm Trái Tim - 50cm,1,360000.0,316000.0,,http://localhost/teddy-shop/wp-content/uploads/2026/05/melody-omtym.png,,TS-116,Kích thước,50cm,,1,1,50
variation,TS-116-3,My Melody Ôm Trái Tim - 70cm,1,430000.0,378000.0,,http://localhost/teddy-shop/wp-content/uploads/2026/05/melody-omtym.png,,TS-116,Kích thước,70cm,,1,1,50
variable,TS-117,Kuromi Phiên Bản Giới Hạn,1,,,Gấu bông hoạt hình > Kuromi - Melody,http://localhost/teddy-shop/wp-content/uploads/2026/05/kuromi-limit.webp,"Kuromi Phiên Bản Giới Hạn được làm từ chất liệu cao cấp, bông PP 3D tinh khiết siêu mềm mịn. Thiết kế tinh xảo, đường may chắc chắn, phù hợp làm quà tặng hoặc trang trí.",,Kích thước,"30cm, 50cm, 70cm",1.0,1,1,
variation,TS-117-1,Kuromi Phiên Bản Giới Hạn - 30cm,1,220000.0,193000.0,,http://localhost/teddy-shop/wp-content/uploads/2026/05/kuromi-limit.webp,,TS-117,Kích thước,30cm,,1,1,50
variation,TS-117-2,Kuromi Phiên Bản Giới Hạn - 50cm,1,290000.0,255000.0,,http://localhost/teddy-shop/wp-content/uploads/2026/05/kuromi-limit.webp,,TS-117,Kích thước,50cm,,1,1,50
variation,TS-117-3,Kuromi Phiên Bản Giới Hạn - 70cm,1,360000.0,316000.0,,http://localhost/teddy-shop/wp-content/uploads/2026/05/kuromi-limit.webp,,TS-117,Kích thước,70cm,,1,1,50
variable,TS-118,My Melody Đuôi Cá,1,,,Gấu bông hoạt hình > Kuromi - Melody,http://localhost/teddy-shop/wp-content/uploads/2026/05/melody-duoica.jpg,"My Melody Đuôi Cá được làm từ chất liệu cao cấp, bông PP 3D tinh khiết siêu mềm mịn. Thiết kế tinh xảo, đường may chắc chắn, phù hợp làm quà tặng hoặc trang trí.",,Kích thước,"30cm, 50cm, 70cm",1.0,1,1,
variation,TS-118-1,My Melody Đuôi Cá - 30cm,1,180000.0,158000.0,,http://localhost/teddy-shop/wp-content/uploads/2026/05/melody-duoica.jpg,,TS-118,Kích thước,30cm,,1,1,50
variation,TS-118-2,My Melody Đuôi Cá - 50cm,1,250000.0,220000.0,,http://localhost/teddy-shop/wp-content/uploads/2026/05/melody-duoica.jpg,,TS-118,Kích thước,50cm,,1,1,50
variation,TS-118-3,My Melody Đuôi Cá - 70cm,1,320000.0,281000.0,,http://localhost/teddy-shop/wp-content/uploads/2026/05/melody-duoica.jpg,,TS-118,Kích thước,70cm,,1,1,50
variable,TS-119,Kuromi Mặc Váy Kẻ Sọc,1,,,Gấu bông hoạt hình > Kuromi - Melody,http://localhost/teddy-shop/wp-content/uploads/2026/05/kuromi-vaykesoc.jpg,"Kuromi Mặc Váy Kẻ Sọc được làm từ chất liệu cao cấp, bông PP 3D tinh khiết siêu mềm mịn. Thiết kế tinh xảo, đường may chắc chắn, phù hợp làm quà tặng hoặc trang trí.",,Kích thước,"30cm, 50cm, 70cm",1.0,1,1,
variation,TS-119-1,Kuromi Mặc Váy Kẻ Sọc - 30cm,1,360000.0,316000.0,,http://localhost/teddy-shop/wp-content/uploads/2026/05/kuromi-vaykesoc.jpg,,TS-119,Kích thước,30cm,,1,1,50
variation,TS-119-2,Kuromi Mặc Váy Kẻ Sọc - 50cm,1,430000.0,378000.0,,http://localhost/teddy-shop/wp-content/uploads/2026/05/kuromi-vaykesoc.jpg,,TS-119,Kích thước,50cm,,1,1,50
variation,TS-119-3,Kuromi Mặc Váy Kẻ Sọc - 70cm,1,500000.0,440000.0,,http://localhost/teddy-shop/wp-content/uploads/2026/05/kuromi-vaykesoc.jpg,,TS-119,Kích thước,70cm,,1,1,50
variable,TS-120,Thỏ Cảnh Sát Judy Hopps Nhồi Bông,1,,,Gấu bông hoạt hình > Zootopia,http://localhost/teddy-shop/wp-content/uploads/2026/05/Judy-tho.jpg,"Thỏ Cảnh Sát Judy Hopps Nhồi Bông được làm từ chất liệu cao cấp, bông PP 3D tinh khiết siêu mềm mịn. Thiết kế tinh xảo, đường may chắc chắn, phù hợp làm quà tặng hoặc trang trí.",,Kích thước,"30cm, 50cm, 70cm",1.0,1,1,
variation,TS-120-1,Thỏ Cảnh Sát Judy Hopps Nhồi Bông - 30cm,1,140000.0,123000.0,,http://localhost/teddy-shop/wp-content/uploads/2026/05/Judy-tho.jpg,,TS-120,Kích thước,30cm,,1,1,50
variation,TS-120-2,Thỏ Cảnh Sát Judy Hopps Nhồi Bông - 50cm,1,210000.0,184000.0,,http://localhost/teddy-shop/wp-content/uploads/2026/05/Judy-tho.jpg,,TS-120,Kích thước,50cm,,1,1,50
variation,TS-120-3,Thỏ Cảnh Sát Judy Hopps Nhồi Bông - 70cm,1,280000.0,246000.0,,http://localhost/teddy-shop/wp-content/uploads/2026/05/Judy-tho.jpg,,TS-120,Kích thước,70cm,,1,1,50
variable,TS-121,Cáo Nick Wilde Ranh Mãnh,1,,,Gấu bông hoạt hình > Zootopia,http://localhost/teddy-shop/wp-content/uploads/2026/05/Nick-ranhmanh.jpg,"Cáo Nick Wilde Ranh Mãnh được làm từ chất liệu cao cấp, bông PP 3D tinh khiết siêu mềm mịn. Thiết kế tinh xảo, đường may chắc chắn, phù hợp làm quà tặng hoặc trang trí.",,Kích thước,"30cm, 50cm, 70cm",1.0,1,1,
variation,TS-121-1,Cáo Nick Wilde Ranh Mãnh - 30cm,1,420000.0,369000.0,,http://localhost/teddy-shop/wp-content/uploads/2026/05/Nick-ranhmanh.jpg,,TS-121,Kích thước,30cm,,1,1,50
variation,TS-121-2,Cáo Nick Wilde Ranh Mãnh - 50cm,1,490000.0,431000.0,,http://localhost/teddy-shop/wp-content/uploads/2026/05/Nick-ranhmanh.jpg,,TS-121,Kích thước,50cm,,1,1,50
variation,TS-121-3,Cáo Nick Wilde Ranh Mãnh - 70cm,1,560000.0,492000.0,,http://localhost/teddy-shop/wp-content/uploads/2026/05/Nick-ranhmanh.jpg,,TS-121,Kích thước,70cm,,1,1,50
variable,TS-122,Lười Flash Chậm Chạp Đáng Yêu,1,,,Gấu bông hoạt hình > Zootopia,http://localhost/teddy-shop/wp-content/uploads/2026/05/zootopia-luoi.jpg,"Lười Flash Chậm Chạp Đáng Yêu được làm từ chất liệu cao cấp, bông PP 3D tinh khiết siêu mềm mịn. Thiết kế tinh xảo, đường may chắc chắn, phù hợp làm quà tặng hoặc trang trí.",,Kích thước,"30cm, 50cm, 70cm",1.0,1,1,
variation,TS-122-1,Lười Flash Chậm Chạp Đáng Yêu - 30cm,1,260000.0,228000.0,,http://localhost/teddy-shop/wp-content/uploads/2026/05/zootopia-luoi.jpg,,TS-122,Kích thước,30cm,,1,1,50
variation,TS-122-2,Lười Flash Chậm Chạp Đáng Yêu - 50cm,1,330000.0,290000.0,,http://localhost/teddy-shop/wp-content/uploads/2026/05/zootopia-luoi.jpg,,TS-122,Kích thước,50cm,,1,1,50
variation,TS-122-3,Lười Flash Chậm Chạp Đáng Yêu - 70cm,1,400000.0,352000.0,,http://localhost/teddy-shop/wp-content/uploads/2026/05/zootopia-luoi.jpg,,TS-122,Kích thước,70cm,,1,1,50
variable,TS-123,Judy Hopps Phiên Bản Mặc Thường Phục,1,,,Gấu bông hoạt hình > Zootopia,http://localhost/teddy-shop/wp-content/uploads/2026/05/Judy-thuongphuc.jpg,"Judy Hopps Phiên Bản Mặc Thường Phục được làm từ chất liệu cao cấp, bông PP 3D tinh khiết siêu mềm mịn. Thiết kế tinh xảo, đường may chắc chắn, phù hợp làm quà tặng hoặc trang trí.",,Kích thước,"30cm, 50cm, 70cm",1.0,1,1,
variation,TS-123-1,Judy Hopps Phiên Bản Mặc Thường Phục - 30cm,1,240000.0,211000.0,,http://localhost/teddy-shop/wp-content/uploads/2026/05/Judy-thuongphuc.jpg,,TS-123,Kích thước,30cm,,1,1,50
variation,TS-123-2,Judy Hopps Phiên Bản Mặc Thường Phục - 50cm,1,310000.0,272000.0,,http://localhost/teddy-shop/wp-content/uploads/2026/05/Judy-thuongphuc.jpg,,TS-123,Kích thước,50cm,,1,1,50
variation,TS-123-3,Judy Hopps Phiên Bản Mặc Thường Phục - 70cm,1,380000.0,334000.0,,http://localhost/teddy-shop/wp-content/uploads/2026/05/Judy-thuongphuc.jpg,,TS-123,Kích thước,70cm,,1,1,50
variable,TS-124,Cáo Nick Mặc Áo Sơ Mi Hoa,1,,,Gấu bông hoạt hình > Zootopia,http://localhost/teddy-shop/wp-content/uploads/2026/05/Nick-macsomihoa.jpg,"Cáo Nick Mặc Áo Sơ Mi Hoa được làm từ chất liệu cao cấp, bông PP 3D tinh khiết siêu mềm mịn. Thiết kế tinh xảo, đường may chắc chắn, phù hợp làm quà tặng hoặc trang trí.",,Kích thước,"30cm, 50cm, 70cm",1.0,1,1,
variation,TS-124-1,Cáo Nick Mặc Áo Sơ Mi Hoa - 30cm,1,410000.0,360000.0,,http://localhost/teddy-shop/wp-content/uploads/2026/05/Nick-macsomihoa.jpg,,TS-124,Kích thước,30cm,,1,1,50
variation,TS-124-2,Cáo Nick Mặc Áo Sơ Mi Hoa - 50cm,1,480000.0,422000.0,,http://localhost/teddy-shop/wp-content/uploads/2026/05/Nick-macsomihoa.jpg,,TS-124,Kích thước,50cm,,1,1,50
variation,TS-124-3,Cáo Nick Mặc Áo Sơ Mi Hoa - 70cm,1,550000.0,484000.0,,http://localhost/teddy-shop/wp-content/uploads/2026/05/Nick-macsomihoa.jpg,,TS-124,Kích thước,70cm,,1,1,50
variable,TS-125,Báo Cheetah Cảnh Sát Béo Ú,1,,,Gấu bông hoạt hình > Zootopia,http://localhost/teddy-shop/wp-content/uploads/2026/05/zootopia-bao.jpg,"Báo Cheetah Cảnh Sát Béo Ú được làm từ chất liệu cao cấp, bông PP 3D tinh khiết siêu mềm mịn. Thiết kế tinh xảo, đường may chắc chắn, phù hợp làm quà tặng hoặc trang trí.",,Kích thước,"30cm, 50cm, 70cm",1.0,1,1,
variation,TS-125-1,Báo Cheetah Cảnh Sát Béo Ú - 30cm,1,340000.0,299000.0,,http://localhost/teddy-shop/wp-content/uploads/2026/05/zootopia-bao.jpg,,TS-125,Kích thước,30cm,,1,1,50
variation,TS-125-2,Báo Cheetah Cảnh Sát Béo Ú - 50cm,1,410000.0,360000.0,,http://localhost/teddy-shop/wp-content/uploads/2026/05/zootopia-bao.jpg,,TS-125,Kích thước,50cm,,1,1,50
variation,TS-125-3,Báo Cheetah Cảnh Sát Béo Ú - 70cm,1,480000.0,422000.0,,http://localhost/teddy-shop/wp-content/uploads/2026/05/zootopia-bao.jpg,,TS-125,Kích thước,70cm,,1,1,50
variable,TS-126,Sếp Bogo Trưởng Phòng Cảnh Sát,1,,,Gấu bông hoạt hình > Zootopia,http://localhost/teddy-shop/wp-content/uploads/2026/05/zootopia-trau.webp,"Sếp Bogo Trưởng Phòng Cảnh Sát được làm từ chất liệu cao cấp, bông PP 3D tinh khiết siêu mềm mịn. Thiết kế tinh xảo, đường may chắc chắn, phù hợp làm quà tặng hoặc trang trí.",,Kích thước,"30cm, 50cm, 70cm",1.0,1,1,
variation,TS-126-1,Sếp Bogo Trưởng Phòng Cảnh Sát - 30cm,1,310000.0,272000.0,,http://localhost/teddy-shop/wp-content/uploads/2026/05/zootopia-trau.webp,,TS-126,Kích thước,30cm,,1,1,50
variation,TS-126-2,Sếp Bogo Trưởng Phòng Cảnh Sát - 50cm,1,380000.0,334000.0,,http://localhost/teddy-shop/wp-content/uploads/2026/05/zootopia-trau.webp,,TS-126,Kích thước,50cm,,1,1,50
variation,TS-126-3,Sếp Bogo Trưởng Phòng Cảnh Sát - 70cm,1,450000.0,396000.0,,http://localhost/teddy-shop/wp-content/uploads/2026/05/zootopia-trau.webp,,TS-126,Kích thước,70cm,,1,1,50
variable,TS-127,Thỏ Judy Baby Mini,1,,,Gấu bông hoạt hình > Zootopia,hhttp://localhost/teddy-shop/wp-content/uploads/2026/05/Judy-baby.jpg,"Thỏ Judy Baby Mini được làm từ chất liệu cao cấp, bông PP 3D tinh khiết siêu mềm mịn. Thiết kế tinh xảo, đường may chắc chắn, phù hợp làm quà tặng hoặc trang trí.",,Kích thước,"30cm, 50cm, 70cm",1.0,1,1,
variation,TS-127-1,Thỏ Judy Baby Mini - 30cm,1,260000.0,228000.0,,hhttp://localhost/teddy-shop/wp-content/uploads/2026/05/Judy-baby.jpg,,TS-127,Kích thước,30cm,,1,1,50
variation,TS-127-2,Thỏ Judy Baby Mini - 50cm,1,330000.0,290000.0,,hhttp://localhost/teddy-shop/wp-content/uploads/2026/05/Judy-baby.jpg,,TS-127,Kích thước,50cm,,1,1,50
variation,TS-127-3,Thỏ Judy Baby Mini - 70cm,1,400000.0,352000.0,,hhttp://localhost/teddy-shop/wp-content/uploads/2026/05/Judy-baby.jpg,,TS-127,Kích thước,70cm,,1,1,50
variable,TS-128,Cáo Nick Baby Dễ Thương,1,,,Gấu bông hoạt hình > Zootopia,http://localhost/teddy-shop/wp-content/uploads/2026/05/Nick-baby.jpg,"Cáo Nick Baby Dễ Thương được làm từ chất liệu cao cấp, bông PP 3D tinh khiết siêu mềm mịn. Thiết kế tinh xảo, đường may chắc chắn, phù hợp làm quà tặng hoặc trang trí.",,Kích thước,"30cm, 50cm, 70cm",1.0,1,1,
variation,TS-128-1,Cáo Nick Baby Dễ Thương - 30cm,1,260000.0,228000.0,,http://localhost/teddy-shop/wp-content/uploads/2026/05/Nick-baby.jpg,,TS-128,Kích thước,30cm,,1,1,50
variation,TS-128-2,Cáo Nick Baby Dễ Thương - 50cm,1,330000.0,290000.0,,http://localhost/teddy-shop/wp-content/uploads/2026/05/Nick-baby.jpg,,TS-128,Kích thước,50cm,,1,1,50
variation,TS-128-3,Cáo Nick Baby Dễ Thương - 70cm,1,400000.0,352000.0,,http://localhost/teddy-shop/wp-content/uploads/2026/05/Nick-baby.jpg,,TS-128,Kích thước,70cm,,1,1,50
variable,TS-129,Zootopia Set Nhân Vật Tổng Hợp,1,,,Gấu bông hoạt hình > Zootopia,http://localhost/teddy-shop/wp-content/uploads/2026/05/zootopia-set.webp,"Zootopia Set Nhân Vật Tổng Hợp được làm từ chất liệu cao cấp, bông PP 3D tinh khiết siêu mềm mịn. Thiết kế tinh xảo, đường may chắc chắn, phù hợp làm quà tặng hoặc trang trí.",,Kích thước,"30cm, 50cm, 70cm",1.0,1,1,
variation,TS-129-1,Zootopia Set Nhân Vật Tổng Hợp - 30cm,1,130000.0,114000.0,,http://localhost/teddy-shop/wp-content/uploads/2026/05/zootopia-set.webp,,TS-129,Kích thước,30cm,,1,1,50
variation,TS-129-2,Zootopia Set Nhân Vật Tổng Hợp - 50cm,1,200000.0,176000.0,,http://localhost/teddy-shop/wp-content/uploads/2026/05/zootopia-set.webp,,TS-129,Kích thước,50cm,,1,1,50
variation,TS-129-3,Zootopia Set Nhân Vật Tổng Hợp - 70cm,1,270000.0,237000.0,,http://localhost/teddy-shop/wp-content/uploads/2026/05/zootopia-set.webp,,TS-129,Kích thước,70cm,,1,1,50
variable,TS-130,Hộp Mù Blind Box Gấu Dâu Lotso,1,,,Gối bông và phụ kiện > Blind Box,http://localhost/teddy-shop/wp-content/uploads/2026/05/blindbox-gaulosto.jpg,"Hộp Mù Blind Box Gấu Dâu Lotso được làm từ chất liệu cao cấp, bông PP 3D tinh khiết siêu mềm mịn. Thiết kế tinh xảo, đường may chắc chắn, phù hợp làm quà tặng hoặc trang trí.",,Kích thước,"1 Hộp, Nguyên Set (6 Hộp)",1.0,1,1,
variation,TS-130-1,Hộp Mù Blind Box Gấu Dâu Lotso - 1 Hộp,1,240000.0,211000.0,,http://localhost/teddy-shop/wp-content/uploads/2026/05/blindbox-gaulosto.jpg,,TS-130,Kích thước,1 Hộp,,1,1,50
variation,TS-130-2,Hộp Mù Blind Box Gấu Dâu Lotso - Nguyên Set (6 Hộp),1,310000.0,272000.0,,http://localhost/teddy-shop/wp-content/uploads/2026/05/blindbox-gaulosto.jpg,,TS-130,Kích thước,Nguyên Set (6 Hộp),,1,1,50
variable,TS-131,Blind Box Baby Three Mẫu Mới,1,,,Gối bông và phụ kiện > Blind Box,http://localhost/teddy-shop/wp-content/uploads/2026/05/blindbox-baby3.jpg,"Blind Box Baby Three Mẫu Mới được làm từ chất liệu cao cấp, bông PP 3D tinh khiết siêu mềm mịn. Thiết kế tinh xảo, đường may chắc chắn, phù hợp làm quà tặng hoặc trang trí.",,Kích thước,"1 Hộp, Nguyên Set (6 Hộp)",1.0,1,1,
variation,TS-131-1,Blind Box Baby Three Mẫu Mới - 1 Hộp,1,370000.0,325000.0,,http://localhost/teddy-shop/wp-content/uploads/2026/05/blindbox-baby3.jpg,,TS-131,Kích thước,1 Hộp,,1,1,50
variation,TS-131-2,Blind Box Baby Three Mẫu Mới - Nguyên Set (6 Hộp),1,440000.0,387000.0,,http://localhost/teddy-shop/wp-content/uploads/2026/05/blindbox-baby3.jpg,,TS-131,Kích thước,Nguyên Set (6 Hộp),,1,1,50
variable,TS-132,Blind Box Labubu Macaron Cực Hot,1,,,Gối bông và phụ kiện > Blind Box,http://localhost/teddy-shop/wp-content/uploads/2026/05/blindbox-labubu.webp,"Blind Box Labubu Macaron Cực Hot được làm từ chất liệu cao cấp, bông PP 3D tinh khiết siêu mềm mịn. Thiết kế tinh xảo, đường may chắc chắn, phù hợp làm quà tặng hoặc trang trí.",,Kích thước,"1 Hộp, Nguyên Set (6 Hộp)",1.0,1,1,
variation,TS-132-1,Blind Box Labubu Macaron Cực Hot - 1 Hộp,1,330000.0,290000.0,,http://localhost/teddy-shop/wp-content/uploads/2026/05/blindbox-labubu.webp,,TS-132,Kích thước,1 Hộp,,1,1,50
variation,TS-132-2,Blind Box Labubu Macaron Cực Hot - Nguyên Set (6 Hộp),1,400000.0,352000.0,,http://localhost/teddy-shop/wp-content/uploads/2026/05/blindbox-labubu.webp,,TS-132,Kích thước,Nguyên Set (6 Hộp),,1,1,50
variable,TS-133,Blind Box Capybara Đa Vũ Trụ,1,,,Gối bông và phụ kiện > Blind Box,http://localhost/teddy-shop/wp-content/uploads/2026/05/blindbox-capy.jpg,"Blind Box Capybara Đa Vũ Trụ được làm từ chất liệu cao cấp, bông PP 3D tinh khiết siêu mềm mịn. Thiết kế tinh xảo, đường may chắc chắn, phù hợp làm quà tặng hoặc trang trí.",,Kích thước,"1 Hộp, Nguyên Set (6 Hộp)",1.0,1,1,
variation,TS-133-1,Blind Box Capybara Đa Vũ Trụ - 1 Hộp,1,290000.0,255000.0,,http://localhost/teddy-shop/wp-content/uploads/2026/05/blindbox-capy.jpg,,TS-133,Kích thước,1 Hộp,,1,1,50
variation,TS-133-2,Blind Box Capybara Đa Vũ Trụ - Nguyên Set (6 Hộp),1,360000.0,316000.0,,http://localhost/teddy-shop/wp-content/uploads/2026/05/blindbox-capy.jpg,,TS-133,Kích thước,Nguyên Set (6 Hộp),,1,1,50
variable,TS-134,Blind Box Zoo Series,1,,,Gối bông và phụ kiện > Blind Box,http://localhost/teddy-shop/wp-content/uploads/2026/05/blindbox-zoo-scaled.jpg,"Blind Box Zoo Series được làm từ chất liệu cao cấp, bông PP 3D tinh khiết siêu mềm mịn. Thiết kế tinh xảo, đường may chắc chắn, phù hợp làm quà tặng hoặc trang trí.",,Kích thước,"1 Hộp, Nguyên Set (6 Hộp)",1.0,1,1,
variation,TS-134-1,Blind Box Zoo Series - 1 Hộp,1,160000.0,140000.0,,http://localhost/teddy-shop/wp-content/uploads/2026/05/blindbox-zoo-scaled.jpg,,TS-134,Kích thước,1 Hộp,,1,1,50
variation,TS-134-2,Blind Box Zoo Series - Nguyên Set (6 Hộp),1,230000.0,202000.0,,http://localhost/teddy-shop/wp-content/uploads/2026/05/blindbox-zoo-scaled.jpg,,TS-134,Kích thước,Nguyên Set (6 Hộp),,1,1,50
variable,TS-135,Blind Box Mèo Anime Dễ Thương,1,,,Gối bông và phụ kiện > Blind Box,http://localhost/teddy-shop/wp-content/uploads/2026/05/blindbox-meo.jpg,"Blind Box Mèo Anime Dễ Thương được làm từ chất liệu cao cấp, bông PP 3D tinh khiết siêu mềm mịn. Thiết kế tinh xảo, đường may chắc chắn, phù hợp làm quà tặng hoặc trang trí.",,Kích thước,"1 Hộp, Nguyên Set (6 Hộp)",1.0,1,1,
variation,TS-135-1,Blind Box Mèo Anime Dễ Thương - 1 Hộp,1,290000.0,255000.0,,http://localhost/teddy-shop/wp-content/uploads/2026/05/blindbox-meo.jpg,,TS-135,Kích thước,1 Hộp,,1,1,50
variation,TS-135-2,Blind Box Mèo Anime Dễ Thương - Nguyên Set (6 Hộp),1,360000.0,316000.0,,http://localhost/teddy-shop/wp-content/uploads/2026/05/blindbox-meo.jpg,,TS-135,Kích thước,Nguyên Set (6 Hộp),,1,1,50
variable,TS-136,Blind Box Nanci Cổ Trang,1,,,Gối bông và phụ kiện > Blind Box,http://localhost/teddy-shop/wp-content/uploads/2026/05/blindbox-nanci-scaled.jpg,"Blind Box Nanci Cổ Trang được làm từ chất liệu cao cấp, bông PP 3D tinh khiết siêu mềm mịn. Thiết kế tinh xảo, đường may chắc chắn, phù hợp làm quà tặng hoặc trang trí.",,Kích thước,"1 Hộp, Nguyên Set (6 Hộp)",1.0,1,1,
variation,TS-136-1,Blind Box Nanci Cổ Trang - 1 Hộp,1,340000.0,299000.0,,http://localhost/teddy-shop/wp-content/uploads/2026/05/blindbox-nanci-scaled.jpg,,TS-136,Kích thước,1 Hộp,,1,1,50
variation,TS-136-2,Blind Box Nanci Cổ Trang - Nguyên Set (6 Hộp),1,410000.0,360000.0,,http://localhost/teddy-shop/wp-content/uploads/2026/05/blindbox-nanci-scaled.jpg,,TS-136,Kích thước,Nguyên Set (6 Hộp),,1,1,50
variable,TS-137,Blind Box Skullpanda Tương Lai,1,,,Gối bông và phụ kiện > Blind Box,http://localhost/teddy-shop/wp-content/uploads/2026/05/blindbox-Skullpanda.jpg,"Blind Box Skullpanda Tương Lai được làm từ chất liệu cao cấp, bông PP 3D tinh khiết siêu mềm mịn. Thiết kế tinh xảo, đường may chắc chắn, phù hợp làm quà tặng hoặc trang trí.",,Kích thước,"1 Hộp, Nguyên Set (6 Hộp)",1.0,1,1,
variation,TS-137-1,Blind Box Skullpanda Tương Lai - 1 Hộp,1,440000.0,387000.0,,http://localhost/teddy-shop/wp-content/uploads/2026/05/blindbox-Skullpanda.jpg,,TS-137,Kích thước,1 Hộp,,1,1,50
variation,TS-137-2,Blind Box Skullpanda Tương Lai - Nguyên Set (6 Hộp),1,510000.0,448000.0,,http://localhost/teddy-shop/wp-content/uploads/2026/05/blindbox-Skullpanda.jpg,,TS-137,Kích thước,Nguyên Set (6 Hộp),,1,1,50
variable,TS-138,Blind Box Dimoo Đèn Ngủ,1,,,Gối bông và phụ kiện > Blind Box,http://localhost/teddy-shop/wp-content/uploads/2026/05/blindbox-dimoo.png,"Blind Box Dimoo Đèn Ngủ được làm từ chất liệu cao cấp, bông PP 3D tinh khiết siêu mềm mịn. Thiết kế tinh xảo, đường may chắc chắn, phù hợp làm quà tặng hoặc trang trí.",,Kích thước,"1 Hộp, Nguyên Set (6 Hộp)",1.0,1,1,
variation,TS-138-1,Blind Box Dimoo Đèn Ngủ - 1 Hộp,1,370000.0,325000.0,,http://localhost/teddy-shop/wp-content/uploads/2026/05/blindbox-dimoo.png,,TS-138,Kích thước,1 Hộp,,1,1,50
variation,TS-138-2,Blind Box Dimoo Đèn Ngủ - Nguyên Set (6 Hộp),1,440000.0,387000.0,,http://localhost/teddy-shop/wp-content/uploads/2026/05/blindbox-dimoo.png,,TS-138,Kích thước,Nguyên Set (6 Hộp),,1,1,50
variable,TS-139,Blind Box Baby Three Mini,1,,,Gối bông và phụ kiện > Blind Box,http://localhost/teddy-shop/wp-content/uploads/2026/05/blindbox-baby3mini.webp,"Blind Box Baby Three Mini được làm từ chất liệu cao cấp, bông PP 3D tinh khiết siêu mềm mịn. Thiết kế tinh xảo, đường may chắc chắn, phù hợp làm quà tặng hoặc trang trí.",,Kích thước,"1 Hộp, Nguyên Set (6 Hộp)",1.0,1,1,
variation,TS-139-1,Blind Box Baby Three Mini - 1 Hộp,1,330000.0,290000.0,,http://localhost/teddy-shop/wp-content/uploads/2026/05/blindbox-baby3mini.webp,,TS-139,Kích thước,1 Hộp,,1,1,50
variation,TS-139-2,Blind Box Baby Three Mini - Nguyên Set (6 Hộp),1,400000.0,352000.0,,http://localhost/teddy-shop/wp-content/uploads/2026/05/blindbox-baby3mini.webp,,TS-139,Kích thước,Nguyên Set (6 Hộp),,1,1,50
variable,TS-140,Gối Cổ Chữ U Capybara Kèm Bịt Mắt,1,,,Gối bông và phụ kiện > Gối cổ chữ U,http://localhost/teddy-shop/wp-content/uploads/2026/05/goico-capy.jpg,"Gối Cổ Chữ U Capybara Kèm Bịt Mắt được làm từ chất liệu cao cấp, bông PP 3D tinh khiết siêu mềm mịn. Thiết kế tinh xảo, đường may chắc chắn, phù hợp làm quà tặng hoặc trang trí.",,Kích thước,Free size,1.0,1,1,
variation,TS-140-1,Gối Cổ Chữ U Capybara Kèm Bịt Mắt - Free size,1,130000.0,114000.0,,http://localhost/teddy-shop/wp-content/uploads/2026/05/goico-capy.jpg,,TS-140,Kích thước,Free size,,1,1,50
variable,TS-141,Gối Chữ U Gấu Brown Cao Su Non,1,,,Gối bông và phụ kiện > Gối cổ chữ U,http://localhost/teddy-shop/wp-content/uploads/2026/05/goico-gaubrown.webp,"Gối Chữ U Gấu Brown Cao Su Non được làm từ chất liệu cao cấp, bông PP 3D tinh khiết siêu mềm mịn. Thiết kế tinh xảo, đường may chắc chắn, phù hợp làm quà tặng hoặc trang trí.",,Kích thước,Free size,1.0,1,1,
variation,TS-141-1,Gối Chữ U Gấu Brown Cao Su Non - Free size,1,190000.0,167000.0,,http://localhost/teddy-shop/wp-content/uploads/2026/05/goico-gaubrown.webp,,TS-141,Kích thước,Free size,,1,1,50
variable,TS-142,Gối Cổ Văn Phòng Khủng Long Xanh,1,,,Gối bông và phụ kiện > Gối cổ chữ U,http://localhost/teddy-shop/wp-content/uploads/2026/05/goico-khunglongxanh.jpg,"Gối Cổ Văn Phòng Khủng Long Xanh được làm từ chất liệu cao cấp, bông PP 3D tinh khiết siêu mềm mịn. Thiết kế tinh xảo, đường may chắc chắn, phù hợp làm quà tặng hoặc trang trí.",,Kích thước,Free size,1.0,1,1,
variation,TS-142-1,Gối Cổ Văn Phòng Khủng Long Xanh - Free size,1,280000.0,246000.0,,http://localhost/teddy-shop/wp-content/uploads/2026/05/goico-khunglongxanh.jpg,,TS-142,Kích thước,Free size,,1,1,50
variable,TS-143,Gối Chữ U Thỏ Trắng Siêu Mềm,1,,,Gối bông và phụ kiện > Gối cổ chữ U,http://localhost/teddy-shop/wp-content/uploads/2026/05/goico-thotrang.jpeg,"Gối Chữ U Thỏ Trắng Siêu Mềm được làm từ chất liệu cao cấp, bông PP 3D tinh khiết siêu mềm mịn. Thiết kế tinh xảo, đường may chắc chắn, phù hợp làm quà tặng hoặc trang trí.",,Kích thước,Free size,1.0,1,1,
variation,TS-143-1,Gối Chữ U Thỏ Trắng Siêu Mềm - Free size,1,230000.0,202000.0,,http://localhost/teddy-shop/wp-content/uploads/2026/05/goico-thotrang.jpeg,,TS-143,Kích thước,Free size,,1,1,50
variable,TS-144,Gối Cổ Du Lịch Cừu Xám,1,,,Gối bông và phụ kiện > Gối cổ chữ U,http://localhost/teddy-shop/wp-content/uploads/2026/05/goico-cuuxam.jpeg,"Gối Cổ Du Lịch Cừu Xám được làm từ chất liệu cao cấp, bông PP 3D tinh khiết siêu mềm mịn. Thiết kế tinh xảo, đường may chắc chắn, phù hợp làm quà tặng hoặc trang trí.",,Kích thước,Free size,1.0,1,1,
variation,TS-144-1,Gối Cổ Du Lịch Cừu Xám - Free size,1,280000.0,246000.0,,http://localhost/teddy-shop/wp-content/uploads/2026/05/goico-cuuxam.jpeg,,TS-144,Kích thước,Free size,,1,1,50
variable,TS-145,Gối Chữ U Loopy Dễ Thương,1,,,Gối bông và phụ kiện > Gối cổ chữ U,http://localhost/teddy-shop/wp-content/uploads/2026/05/goico-loopy.jpg,"Gối Chữ U Loopy Dễ Thương được làm từ chất liệu cao cấp, bông PP 3D tinh khiết siêu mềm mịn. Thiết kế tinh xảo, đường may chắc chắn, phù hợp làm quà tặng hoặc trang trí.",,Kích thước,Free size,1.0,1,1,
variation,TS-145-1,Gối Chữ U Loopy Dễ Thương - Free size,1,140000.0,123000.0,,http://localhost/teddy-shop/wp-content/uploads/2026/05/goico-loopy.jpg,,TS-145,Kích thước,Free size,,1,1,50
variable,TS-146,Gối Cổ Massage Đa Năng,1,,,Gối bông và phụ kiện > Gối cổ chữ U,http://localhost/teddy-shop/wp-content/uploads/2026/05/goico-massage.webp,"Gối Cổ Massage Đa Năng được làm từ chất liệu cao cấp, bông PP 3D tinh khiết siêu mềm mịn. Thiết kế tinh xảo, đường may chắc chắn, phù hợp làm quà tặng hoặc trang trí.",,Kích thước,Free size,1.0,1,1,
variation,TS-146-1,Gối Cổ Massage Đa Năng - Free size,1,180000.0,158000.0,,http://localhost/teddy-shop/wp-content/uploads/2026/05/goico-massage.webp,,TS-146,Kích thước,Free size,,1,1,50
variable,TS-147,Gối Chữ U Hình Heo Hồng,1,,,Gối bông và phụ kiện > Gối cổ chữ U,http://localhost/teddy-shop/wp-content/uploads/2026/05/goico-heohong.jpg,"Gối Chữ U Hình Heo Hồng được làm từ chất liệu cao cấp, bông PP 3D tinh khiết siêu mềm mịn. Thiết kế tinh xảo, đường may chắc chắn, phù hợp làm quà tặng hoặc trang trí.",,Kích thước,Free size,1.0,1,1,
variation,TS-147-1,Gối Chữ U Hình Heo Hồng - Free size,1,390000.0,343000.0,,http://localhost/teddy-shop/wp-content/uploads/2026/05/goico-heohong.jpg,,TS-147,Kích thước,Free size,,1,1,50
variable,TS-148,Gối Cổ Mèo Hồng Ngọt Ngào,1,,,Gối bông và phụ kiện > Gối cổ chữ U,http://localhost/teddy-shop/wp-content/uploads/2026/05/goico-meohong.jpg,"Gối Cổ Mèo Hồng Ngọt Ngào được làm từ chất liệu cao cấp, bông PP 3D tinh khiết siêu mềm mịn. Thiết kế tinh xảo, đường may chắc chắn, phù hợp làm quà tặng hoặc trang trí.",,Kích thước,Free size,1.0,1,1,
variation,TS-148-1,Gối Cổ Mèo Hồng Ngọt Ngào - Free size,1,340000.0,299000.0,,http://localhost/teddy-shop/wp-content/uploads/2026/05/goico-meohong.jpg,,TS-148,Kích thước,Free size,,1,1,50
variable,TS-149,Gối Chữ U Mèo Hoàng Thượng,1,,,Gối bông và phụ kiện > Gối cổ chữ U,http://localhost/teddy-shop/wp-content/uploads/2026/05/goico-meohoangthuong.jpeg,"Gối Chữ U Mèo Hoàng Thượng được làm từ chất liệu cao cấp, bông PP 3D tinh khiết siêu mềm mịn. Thiết kế tinh xảo, đường may chắc chắn, phù hợp làm quà tặng hoặc trang trí.",,Kích thước,Free size,1.0,1,1,
variation,TS-149-1,Gối Chữ U Mèo Hoàng Thượng - Free size,1,320000.0,281000.0,,http://localhost/teddy-shop/wp-content/uploads/2026/05/goico-meohoangthuong.jpeg,,TS-149,Kích thước,Free size,,1,1,50
variable,TS-150,Balo Capybara,1,,,Gối bông và phụ kiện > Balo gấu bông,http://localhost/teddy-shop/wp-content/uploads/2026/05/Balo-capy.webp,"Balo Capybara được làm từ chất liệu cao cấp, bông PP 3D tinh khiết siêu mềm mịn. Thiết kế tinh xảo, đường may chắc chắn, phù hợp làm quà tặng hoặc trang trí.",,Kích thước,"Size S, Size L",1.0,1,1,
variation,TS-150-1,Balo Capybara - Size S,1,390000.0,343000.0,,http://localhost/teddy-shop/wp-content/uploads/2026/05/Balo-capy.webp,,TS-150,Kích thước,Size S,,1,1,50
variation,TS-150-2,Balo Capybara - Size L,1,460000.0,404000.0,,http://localhost/teddy-shop/wp-content/uploads/2026/05/Balo-capy.webp,,TS-150,Kích thước,Size L,,1,1,50
variable,TS-151,Balo Gấu Dâu Lotso Lông Mịn,1,,,Gối bông và phụ kiện > Balo gấu bông,http://localhost/teddy-shop/wp-content/uploads/2026/05/Balo-gaudau.jpg,"Balo Gấu Dâu Lotso Lông Mịn được làm từ chất liệu cao cấp, bông PP 3D tinh khiết siêu mềm mịn. Thiết kế tinh xảo, đường may chắc chắn, phù hợp làm quà tặng hoặc trang trí.",,Kích thước,"Size S, Size L",1.0,1,1,
variation,TS-151-1,Balo Gấu Dâu Lotso Lông Mịn - Size S,1,440000.0,387000.0,,http://localhost/teddy-shop/wp-content/uploads/2026/05/Balo-gaudau.jpg,,TS-151,Kích thước,Size S,,1,1,50
variation,TS-151-2,Balo Gấu Dâu Lotso Lông Mịn - Size L,1,510000.0,448000.0,,http://localhost/teddy-shop/wp-content/uploads/2026/05/Balo-gaudau.jpg,,TS-151,Kích thước,Size L,,1,1,50
variable,TS-152,Balo Khủng Long Xanh Cho Bé,1,,,Gối bông và phụ kiện > Balo gấu bông,http://localhost/teddy-shop/wp-content/uploads/2026/05/Balo-khunglong.jpg,"Balo Khủng Long Xanh Cho Bé được làm từ chất liệu cao cấp, bông PP 3D tinh khiết siêu mềm mịn. Thiết kế tinh xảo, đường may chắc chắn, phù hợp làm quà tặng hoặc trang trí.",,Kích thước,"Size S, Size L",1.0,1,1,
variation,TS-152-1,Balo Khủng Long Xanh Cho Bé - Size S,1,190000.0,167000.0,,http://localhost/teddy-shop/wp-content/uploads/2026/05/Balo-khunglong.jpg,,TS-152,Kích thước,Size S,,1,1,50
variation,TS-152-2,Balo Khủng Long Xanh Cho Bé - Size L,1,260000.0,228000.0,,http://localhost/teddy-shop/wp-content/uploads/2026/05/Balo-khunglong.jpg,,TS-152,Kích thước,Size L,,1,1,50
variable,TS-153,Balo Thỏ Con Tai Dài Đi Học,1,,,Gối bông và phụ kiện > Balo gấu bông,http://localhost/teddy-shop/wp-content/uploads/2026/05/Balo-thocon.jpg,"Balo Thỏ Con Tai Dài Đi Học được làm từ chất liệu cao cấp, bông PP 3D tinh khiết siêu mềm mịn. Thiết kế tinh xảo, đường may chắc chắn, phù hợp làm quà tặng hoặc trang trí.",,Kích thước,"Size S, Size L",1.0,1,1,
variation,TS-153-1,Balo Thỏ Con Tai Dài Đi Học - Size S,1,360000.0,316000.0,,http://localhost/teddy-shop/wp-content/uploads/2026/05/Balo-thocon.jpg,,TS-153,Kích thước,Size S,,1,1,50
variation,TS-153-2,Balo Thỏ Con Tai Dài Đi Học - Size L,1,430000.0,378000.0,,http://localhost/teddy-shop/wp-content/uploads/2026/05/Balo-thocon.jpg,,TS-153,Kích thước,Size L,,1,1,50
variable,TS-154,Balo Kuromi Tím Cá Tính,1,,,Gối bông và phụ kiện > Balo gấu bông,http://localhost/teddy-shop/wp-content/uploads/2026/05/Balo-kuromi.jpg,"Balo Kuromi Tím Cá Tính được làm từ chất liệu cao cấp, bông PP 3D tinh khiết siêu mềm mịn. Thiết kế tinh xảo, đường may chắc chắn, phù hợp làm quà tặng hoặc trang trí.",,Kích thước,"Size S, Size L",1.0,1,1,
variation,TS-154-1,Balo Kuromi Tím Cá Tính - Size S,1,240000.0,211000.0,,http://localhost/teddy-shop/wp-content/uploads/2026/05/Balo-kuromi.jpg,,TS-154,Kích thước,Size S,,1,1,50
variation,TS-154-2,Balo Kuromi Tím Cá Tính - Size L,1,310000.0,272000.0,,http://localhost/teddy-shop/wp-content/uploads/2026/05/Balo-kuromi.jpg,,TS-154,Kích thước,Size L,,1,1,50
variable,TS-155,Balo Gấu Trúc Nhỏ Gọn,1,,,Gối bông và phụ kiện > Balo gấu bông,http://localhost/teddy-shop/wp-content/uploads/2026/05/balo-gautruc.webp,"Balo Gấu Trúc Nhỏ Gọn được làm từ chất liệu cao cấp, bông PP 3D tinh khiết siêu mềm mịn. Thiết kế tinh xảo, đường may chắc chắn, phù hợp làm quà tặng hoặc trang trí.",,Kích thước,"Size S, Size L",1.0,1,1,
variation,TS-155-1,Balo Gấu Trúc Nhỏ Gọn - Size S,1,280000.0,246000.0,,http://localhost/teddy-shop/wp-content/uploads/2026/05/balo-gautruc.webp,,TS-155,Kích thước,Size S,,1,1,50
variation,TS-155-2,Balo Gấu Trúc Nhỏ Gọn - Size L,1,350000.0,308000.0,,http://localhost/teddy-shop/wp-content/uploads/2026/05/balo-gautruc.webp,,TS-155,Kích thước,Size L,,1,1,50
variable,TS-156,Balo Corgi Mông Béo,1,,,Gối bông và phụ kiện > Balo gấu bông,http://localhost/teddy-shop/wp-content/uploads/2026/05/Balo-corgi.jpg,"Balo Corgi Mông Béo được làm từ chất liệu cao cấp, bông PP 3D tinh khiết siêu mềm mịn. Thiết kế tinh xảo, đường may chắc chắn, phù hợp làm quà tặng hoặc trang trí.",,Kích thước,"Size S, Size L",1.0,1,1,
variation,TS-156-1,Balo Corgi Mông Béo - Size S,1,140000.0,123000.0,,http://localhost/teddy-shop/wp-content/uploads/2026/05/Balo-corgi.jpg,,TS-156,Kích thước,Size S,,1,1,50
variation,TS-156-2,Balo Corgi Mông Béo - Size L,1,210000.0,184000.0,,http://localhost/teddy-shop/wp-content/uploads/2026/05/Balo-corgi.jpg,,TS-156,Kích thước,Size L,,1,1,50
variable,TS-157,Balo Heo Hồng Đáng Yêu,1,,,Gối bông và phụ kiện > Balo gấu bông,http://localhost/teddy-shop/wp-content/uploads/2026/05/balo-heohong.jpg,"Balo Heo Hồng Đáng Yêu được làm từ chất liệu cao cấp, bông PP 3D tinh khiết siêu mềm mịn. Thiết kế tinh xảo, đường may chắc chắn, phù hợp làm quà tặng hoặc trang trí.",,Kích thước,"Size S, Size L",1.0,1,1,
variation,TS-157-1,Balo Heo Hồng Đáng Yêu - Size S,1,390000.0,343000.0,,http://localhost/teddy-shop/wp-content/uploads/2026/05/balo-heohong.jpg,,TS-157,Kích thước,Size S,,1,1,50
variation,TS-157-2,Balo Heo Hồng Đáng Yêu - Size L,1,460000.0,404000.0,,http://localhost/teddy-shop/wp-content/uploads/2026/05/balo-heohong.jpg,,TS-157,Kích thước,Size L,,1,1,50
variable,TS-158,Balo Gấu Bông Cún Đáng Yêu,1,,,Gối bông và phụ kiện > Balo gấu bông,http://localhost/teddy-shop/wp-content/uploads/2026/05/Balo-cun.jpg,"Balo Gấu Bông Cún Đáng Yêu được làm từ chất liệu cao cấp, bông PP 3D tinh khiết siêu mềm mịn. Thiết kế tinh xảo, đường may chắc chắn, phù hợp làm quà tặng hoặc trang trí.",,Kích thước,"Size S, Size L",1.0,1,1,
variation,TS-158-1,Balo Gấu Bông Cún Đáng Yêu - Size S,1,120000.0,105000.0,,http://localhost/teddy-shop/wp-content/uploads/2026/05/Balo-cun.jpg,,TS-158,Kích thước,Size S,,1,1,50
variation,TS-158-2,Balo Gấu Bông Cún Đáng Yêu - Size L,1,190000.0,167000.0,,http://localhost/teddy-shop/wp-content/uploads/2026/05/Balo-cun.jpg,,TS-158,Kích thước,Size L,,1,1,50
variable,TS-159,Balo Gấu Brown Hàn Quốc,1,,,Gối bông và phụ kiện > Balo gấu bông,http://localhost/teddy-shop/wp-content/uploads/2026/05/Balo-gaubrown.jpeg,"Balo Gấu Brown Hàn Quốc được làm từ chất liệu cao cấp, bông PP 3D tinh khiết siêu mềm mịn. Thiết kế tinh xảo, đường may chắc chắn, phù hợp làm quà tặng hoặc trang trí.",,Kích thước,"Size S, Size L",1.0,1,1,
variation,TS-159-1,Balo Gấu Brown Hàn Quốc - Size S,1,240000.0,211000.0,,http://localhost/teddy-shop/wp-content/uploads/2026/05/Balo-gaubrown.jpeg,,TS-159,Kích thước,Size S,,1,1,50
variation,TS-159-2,Balo Gấu Brown Hàn Quốc - Size L,1,310000.0,272000.0,,http://localhost/teddy-shop/wp-content/uploads/2026/05/Balo-gaubrown.jpeg,,TS-159,Kích thước,Size L,,1,1,50
variable,TS-160,Gối Ôm Dài Hình Mèo Lười 1m2,1,,,Gối bông và phụ kiện > Gối ôm dài,http://localhost/teddy-shop/wp-content/uploads/2026/05/goiomdai-meoluoi.jpg,"Gối Ôm Dài Hình Mèo Lười 1m2 được làm từ chất liệu cao cấp, bông PP 3D tinh khiết siêu mềm mịn. Thiết kế tinh xảo, đường may chắc chắn, phù hợp làm quà tặng hoặc trang trí.",,Kích thước,"80cm, 1m, 1m2",1.0,1,1,
variation,TS-160-1,Gối Ôm Dài Hình Mèo Lười 1m2 - 80cm,1,350000.0,308000.0,,http://localhost/teddy-shop/wp-content/uploads/2026/05/goiomdai-meoluoi.jpg,,TS-160,Kích thước,80cm,,1,1,50
variation,TS-160-2,Gối Ôm Dài Hình Mèo Lười 1m2 - 1m,1,420000.0,369000.0,,http://localhost/teddy-shop/wp-content/uploads/2026/05/goiomdai-meoluoi.jpg,,TS-160,Kích thước,1m,,1,1,50
variation,TS-160-3,Gối Ôm Dài Hình Mèo Lười 1m2 - 1m2,1,490000.0,431000.0,,http://localhost/teddy-shop/wp-content/uploads/2026/05/goiomdai-meoluoi.jpg,,TS-160,Kích thước,1m2,,1,1,50
variable,TS-161,Gối Ôm Sâu Bướm Nhiều Màu,1,,,Gối bông và phụ kiện > Gối ôm dài,http://localhost/teddy-shop/wp-content/uploads/2026/05/goiomdai-saubuom.webp,"Gối Ôm Sâu Bướm Nhiều Màu được làm từ chất liệu cao cấp, bông PP 3D tinh khiết siêu mềm mịn. Thiết kế tinh xảo, đường may chắc chắn, phù hợp làm quà tặng hoặc trang trí.",,Kích thước,"80cm, 1m, 1m2",1.0,1,1,
variation,TS-161-1,Gối Ôm Sâu Bướm Nhiều Màu - 80cm,1,390000.0,343000.0,,http://localhost/teddy-shop/wp-content/uploads/2026/05/goiomdai-saubuom.webp,,TS-161,Kích thước,80cm,,1,1,50
variation,TS-161-2,Gối Ôm Sâu Bướm Nhiều Màu - 1m,1,460000.0,404000.0,,http://localhost/teddy-shop/wp-content/uploads/2026/05/goiomdai-saubuom.webp,,TS-161,Kích thước,1m,,1,1,50
variation,TS-161-3,Gối Ôm Sâu Bướm Nhiều Màu - 1m2,1,530000.0,466000.0,,http://localhost/teddy-shop/wp-content/uploads/2026/05/goiomdai-saubuom.webp,,TS-161,Kích thước,1m2,,1,1,50
variable,TS-162,Gối Ôm Cá Sấu Bụng Phệ Siêu Cấp,1,,,Gối bông và phụ kiện > Gối ôm dài,http://localhost/teddy-shop/wp-content/uploads/2026/05/goiomdai-casau.jpg,"Gối Ôm Cá Sấu Bụng Phệ Siêu Cấp được làm từ chất liệu cao cấp, bông PP 3D tinh khiết siêu mềm mịn. Thiết kế tinh xảo, đường may chắc chắn, phù hợp làm quà tặng hoặc trang trí.",,Kích thước,"80cm, 1m, 1m2",1.0,1,1,
variation,TS-162-1,Gối Ôm Cá Sấu Bụng Phệ Siêu Cấp - 80cm,1,160000.0,140000.0,,http://localhost/teddy-shop/wp-content/uploads/2026/05/goiomdai-casau.jpg,,TS-162,Kích thước,80cm,,1,1,50
variation,TS-162-2,Gối Ôm Cá Sấu Bụng Phệ Siêu Cấp - 1m,1,230000.0,202000.0,,http://localhost/teddy-shop/wp-content/uploads/2026/05/goiomdai-casau.jpg,,TS-162,Kích thước,1m,,1,1,50
variation,TS-162-3,Gối Ôm Cá Sấu Bụng Phệ Siêu Cấp - 1m2,1,300000.0,264000.0,,http://localhost/teddy-shop/wp-content/uploads/2026/05/goiomdai-casau.jpg,,TS-162,Kích thước,1m2,,1,1,50
variable,TS-163,Gối Ôm Hình Trụ Thỏ Trắng,1,,,Gối bông và phụ kiện > Gối ôm dài,http://localhost/teddy-shop/wp-content/uploads/2026/05/goiomdai-thotrang.webp,"Gối Ôm Hình Trụ Thỏ Trắng được làm từ chất liệu cao cấp, bông PP 3D tinh khiết siêu mềm mịn. Thiết kế tinh xảo, đường may chắc chắn, phù hợp làm quà tặng hoặc trang trí.",,Kích thước,"80cm, 1m, 1m2",1.0,1,1,
variation,TS-163-1,Gối Ôm Hình Trụ Thỏ Trắng - 80cm,1,330000.0,290000.0,,http://localhost/teddy-shop/wp-content/uploads/2026/05/goiomdai-thotrang.webp,,TS-163,Kích thước,80cm,,1,1,50
variation,TS-163-2,Gối Ôm Hình Trụ Thỏ Trắng - 1m,1,400000.0,352000.0,,http://localhost/teddy-shop/wp-content/uploads/2026/05/goiomdai-thotrang.webp,,TS-163,Kích thước,1m,,1,1,50
variation,TS-163-3,Gối Ôm Hình Trụ Thỏ Trắng - 1m2,1,470000.0,413000.0,,http://localhost/teddy-shop/wp-content/uploads/2026/05/goiomdai-thotrang.webp,,TS-163,Kích thước,1m2,,1,1,50
variable,TS-164,Gối Ôm Chó Husky Ngáo Ngơ,1,,,Gối bông và phụ kiện > Gối ôm dài,http://localhost/teddy-shop/wp-content/uploads/2026/05/goiomdai-husky.webp,"Gối Ôm Chó Husky Ngáo Ngơ được làm từ chất liệu cao cấp, bông PP 3D tinh khiết siêu mềm mịn. Thiết kế tinh xảo, đường may chắc chắn, phù hợp làm quà tặng hoặc trang trí.",,Kích thước,"80cm, 1m, 1m2",1.0,1,1,
variation,TS-164-1,Gối Ôm Chó Husky Ngáo Ngơ - 80cm,1,320000.0,281000.0,,http://localhost/teddy-shop/wp-content/uploads/2026/05/goiomdai-husky.webp,,TS-164,Kích thước,80cm,,1,1,50
variation,TS-164-2,Gối Ôm Chó Husky Ngáo Ngơ - 1m,1,390000.0,343000.0,,http://localhost/teddy-shop/wp-content/uploads/2026/05/goiomdai-husky.webp,,TS-164,Kích thước,1m,,1,1,50
variation,TS-164-3,Gối Ôm Chó Husky Ngáo Ngơ - 1m2,1,460000.0,404000.0,,http://localhost/teddy-shop/wp-content/uploads/2026/05/goiomdai-husky.webp,,TS-164,Kích thước,1m2,,1,1,50
variable,TS-165,Gối Ôm Chân Mèo Hồng,1,,,Gối bông và phụ kiện > Gối ôm dài,http://localhost/teddy-shop/wp-content/uploads/2026/05/goiomdai-chanmeo.jpg,"Gối Ôm Chân Mèo Hồng được làm từ chất liệu cao cấp, bông PP 3D tinh khiết siêu mềm mịn. Thiết kế tinh xảo, đường may chắc chắn, phù hợp làm quà tặng hoặc trang trí.",,Kích thước,"80cm, 1m, 1m2",1.0,1,1,
variation,TS-165-1,Gối Ôm Chân Mèo Hồng - 80cm,1,190000.0,167000.0,,http://localhost/teddy-shop/wp-content/uploads/2026/05/goiomdai-chanmeo.jpg,,TS-165,Kích thước,80cm,,1,1,50
variation,TS-165-2,Gối Ôm Chân Mèo Hồng - 1m,1,260000.0,228000.0,,http://localhost/teddy-shop/wp-content/uploads/2026/05/goiomdai-chanmeo.jpg,,TS-165,Kích thước,1m,,1,1,50
variation,TS-165-3,Gối Ôm Chân Mèo Hồng - 1m2,1,330000.0,290000.0,,http://localhost/teddy-shop/wp-content/uploads/2026/05/goiomdai-chanmeo.jpg,,TS-165,Kích thước,1m2,,1,1,50
variable,TS-166,Gối Ôm Cá Voi Xanh Mát,1,,,Gối bông và phụ kiện > Gối ôm dài,http://localhost/teddy-shop/wp-content/uploads/2026/05/goiomdai-cavoi.webp,"Gối Ôm Cá Voi Xanh Mát được làm từ chất liệu cao cấp, bông PP 3D tinh khiết siêu mềm mịn. Thiết kế tinh xảo, đường may chắc chắn, phù hợp làm quà tặng hoặc trang trí.",,Kích thước,"80cm, 1m, 1m2",1.0,1,1,
variation,TS-166-1,Gối Ôm Cá Voi Xanh Mát - 80cm,1,310000.0,272000.0,,http://localhost/teddy-shop/wp-content/uploads/2026/05/goiomdai-cavoi.webp,,TS-166,Kích thước,80cm,,1,1,50
variation,TS-166-2,Gối Ôm Cá Voi Xanh Mát - 1m,1,380000.0,334000.0,,http://localhost/teddy-shop/wp-content/uploads/2026/05/goiomdai-cavoi.webp,,TS-166,Kích thước,1m,,1,1,50
variation,TS-166-3,Gối Ôm Cá Voi Xanh Mát - 1m2,1,450000.0,396000.0,,http://localhost/teddy-shop/wp-content/uploads/2026/05/goiomdai-cavoi.webp,,TS-166,Kích thước,1m2,,1,1,50
variable,TS-167,Gối Ôm Trà Sữa Trân Châu Size XL,1,,,Gối bông và phụ kiện > Gối ôm dài,hhttp://localhost/teddy-shop/wp-content/uploads/2026/05/goiomdai-trasua.jpg,"Gối Ôm Trà Sữa Trân Châu Size XL được làm từ chất liệu cao cấp, bông PP 3D tinh khiết siêu mềm mịn. Thiết kế tinh xảo, đường may chắc chắn, phù hợp làm quà tặng hoặc trang trí.",,Kích thước,"80cm, 1m, 1m2",1.0,1,1,
variation,TS-167-1,Gối Ôm Trà Sữa Trân Châu Size XL - 80cm,1,440000.0,387000.0,,hhttp://localhost/teddy-shop/wp-content/uploads/2026/05/goiomdai-trasua.jpg,,TS-167,Kích thước,80cm,,1,1,50
variation,TS-167-2,Gối Ôm Trà Sữa Trân Châu Size XL - 1m,1,510000.0,448000.0,,hhttp://localhost/teddy-shop/wp-content/uploads/2026/05/goiomdai-trasua.jpg,,TS-167,Kích thước,1m,,1,1,50
variation,TS-167-3,Gối Ôm Trà Sữa Trân Châu Size XL - 1m2,1,580000.0,510000.0,,hhttp://localhost/teddy-shop/wp-content/uploads/2026/05/goiomdai-trasua.jpg,,TS-167,Kích thước,1m2,,1,1,50
variable,TS-168,Gối Ôm Gấu Brown Cao Cấp,1,,,Gối bông và phụ kiện > Gối ôm dài,http://localhost/teddy-shop/wp-content/uploads/2026/05/goiomdai-gaunau.webp,"Gối Ôm Gấu Brown Cao Cấp được làm từ chất liệu cao cấp, bông PP 3D tinh khiết siêu mềm mịn. Thiết kế tinh xảo, đường may chắc chắn, phù hợp làm quà tặng hoặc trang trí.",,Kích thước,"80cm, 1m, 1m2",1.0,1,1,
variation,TS-168-1,Gối Ôm Gấu Brown Cao Cấp - 80cm,1,310000.0,272000.0,,http://localhost/teddy-shop/wp-content/uploads/2026/05/goiomdai-gaunau.webp,,TS-168,Kích thước,80cm,,1,1,50
variation,TS-168-2,Gối Ôm Gấu Brown Cao Cấp - 1m,1,380000.0,334000.0,,http://localhost/teddy-shop/wp-content/uploads/2026/05/goiomdai-gaunau.webp,,TS-168,Kích thước,1m,,1,1,50
variation,TS-168-3,Gối Ôm Gấu Brown Cao Cấp - 1m2,1,450000.0,396000.0,,http://localhost/teddy-shop/wp-content/uploads/2026/05/goiomdai-gaunau.webp,,TS-168,Kích thước,1m2,,1,1,50
variable,TS-169,Gối Ôm Cà Rốt Khổng Lồ,1,,,Gối bông và phụ kiện > Gối ôm dài,http://localhost/teddy-shop/wp-content/uploads/2026/05/goiomdai-carot.jpg,"Gối Ôm Cà Rốt Khổng Lồ được làm từ chất liệu cao cấp, bông PP 3D tinh khiết siêu mềm mịn. Thiết kế tinh xảo, đường may chắc chắn, phù hợp làm quà tặng hoặc trang trí.",,Kích thước,"80cm, 1m, 1m2",1.0,1,1,
variation,TS-169-1,Gối Ôm Cà Rốt Khổng Lồ - 80cm,1,380000.0,334000.0,,http://localhost/teddy-shop/wp-content/uploads/2026/05/goiomdai-carot.jpg,,TS-169,Kích thước,80cm,,1,1,50
variation,TS-169-2,Gối Ôm Cà Rốt Khổng Lồ - 1m,1,450000.0,396000.0,,http://localhost/teddy-shop/wp-content/uploads/2026/05/goiomdai-carot.jpg,,TS-169,Kích thước,1m,,1,1,50
variation,TS-169-3,Gối Ôm Cà Rốt Khổng Lồ - 1m2,1,520000.0,457000.0,,http://localhost/teddy-shop/wp-content/uploads/2026/05/goiomdai-carot.jpg,,TS-169,Kích thước,1m2,,1,1,50
variable,TS-170,Móc Khóa Capybara Rút Nước Mũi,1,,,Gối bông và phụ kiện > Móc khóa gấu bông,http://localhost/teddy-shop/wp-content/uploads/2026/05/mk-capyrutmui.jpg,"Móc Khóa Capybara Rút Nước Mũi được làm từ chất liệu cao cấp, bông PP 3D tinh khiết siêu mềm mịn. Thiết kế tinh xảo, đường may chắc chắn, phù hợp làm quà tặng hoặc trang trí.",,Kích thước,Mini,1.0,1,1,
variation,TS-170-1,Móc Khóa Capybara Rút Nước Mũi - Mini,1,320000.0,281000.0,,http://localhost/teddy-shop/wp-content/uploads/2026/05/mk-capyrutmui.jpg,,TS-170,Kích thước,Mini,,1,1,50
variable,TS-171,Móc Khóa Labubu Gắn Túi Xách,1,,,Gối bông và phụ kiện > Móc khóa gấu bông,http://localhost/teddy-shop/wp-content/uploads/2026/05/mk-labubu.webp,"Móc Khóa Labubu Gắn Túi Xách được làm từ chất liệu cao cấp, bông PP 3D tinh khiết siêu mềm mịn. Thiết kế tinh xảo, đường may chắc chắn, phù hợp làm quà tặng hoặc trang trí.",,Kích thước,Mini,1.0,1,1,
variation,TS-171-1,Móc Khóa Labubu Gắn Túi Xách - Mini,1,370000.0,325000.0,,http://localhost/teddy-shop/wp-content/uploads/2026/05/mk-labubu.webp,,TS-171,Kích thước,Mini,,1,1,50
variable,TS-172,Móc Khóa Loopy Nhỏ Xinh,1,,,Gối bông và phụ kiện > Móc khóa gấu bông,http://localhost/teddy-shop/wp-content/uploads/2026/05/mk-loopy.webp,"Móc Khóa Loopy Nhỏ Xinh được làm từ chất liệu cao cấp, bông PP 3D tinh khiết siêu mềm mịn. Thiết kế tinh xảo, đường may chắc chắn, phù hợp làm quà tặng hoặc trang trí.",,Kích thước,Mini,1.0,1,1,
variation,TS-172-1,Móc Khóa Loopy Nhỏ Xinh - Mini,1,300000.0,264000.0,,http://localhost/teddy-shop/wp-content/uploads/2026/05/mk-loopy.webp,,TS-172,Kích thước,Mini,,1,1,50
variable,TS-173,Móc Khóa Gấu Dâu Lotso Bóp Kêu,1,,,Gối bông và phụ kiện > Móc khóa gấu bông,http://localhost/teddy-shop/wp-content/uploads/2026/05/mk-gaudau.webp,"Móc Khóa Gấu Dâu Lotso Bóp Kêu được làm từ chất liệu cao cấp, bông PP 3D tinh khiết siêu mềm mịn. Thiết kế tinh xảo, đường may chắc chắn, phù hợp làm quà tặng hoặc trang trí.",,Kích thước,Mini,1.0,1,1,
variation,TS-173-1,Móc Khóa Gấu Dâu Lotso Bóp Kêu - Mini,1,200000.0,176000.0,,http://localhost/teddy-shop/wp-content/uploads/2026/05/mk-gaudau.webp,,TS-173,Kích thước,Mini,,1,1,50
variable,TS-174,Móc Khóa Mèo Hoàng Thượng Mini,1,,,Gối bông và phụ kiện > Móc khóa gấu bông,http://localhost/teddy-shop/wp-content/uploads/2026/05/mk-meo.jpeg,"Móc Khóa Mèo Hoàng Thượng Mini được làm từ chất liệu cao cấp, bông PP 3D tinh khiết siêu mềm mịn. Thiết kế tinh xảo, đường may chắc chắn, phù hợp làm quà tặng hoặc trang trí.",,Kích thước,Mini,1.0,1,1,
variation,TS-174-1,Móc Khóa Mèo Hoàng Thượng Mini - Mini,1,240000.0,211000.0,,http://localhost/teddy-shop/wp-content/uploads/2026/05/mk-meo.jpeg,,TS-174,Kích thước,Mini,,1,1,50
variable,TS-175,Móc Khóa Thỏ Jellycat,1,,,Gối bông và phụ kiện > Móc khóa gấu bông,http://localhost/teddy-shop/wp-content/uploads/2026/05/mk-jellycat.jpg,"Móc Khóa Thỏ Jellycat được làm từ chất liệu cao cấp, bông PP 3D tinh khiết siêu mềm mịn. Thiết kế tinh xảo, đường may chắc chắn, phù hợp làm quà tặng hoặc trang trí.",,Kích thước,Mini,1.0,1,1,
variation,TS-175-1,Móc Khóa Thỏ Jellycat - Mini,1,380000.0,334000.0,,http://localhost/teddy-shop/wp-content/uploads/2026/05/mk-jellycat.jpg,,TS-175,Kích thước,Mini,,1,1,50
variable,TS-176,Móc Khóa Cừu Bông Trắng,1,,,Gối bông và phụ kiện > Móc khóa gấu bông,http://localhost/teddy-shop/wp-content/uploads/2026/05/mk-cuubongtrang.jpg,"Móc Khóa Cừu Bông Trắng được làm từ chất liệu cao cấp, bông PP 3D tinh khiết siêu mềm mịn. Thiết kế tinh xảo, đường may chắc chắn, phù hợp làm quà tặng hoặc trang trí.",,Kích thước,Mini,1.0,1,1,
variation,TS-176-1,Móc Khóa Cừu Bông Trắng - Mini,1,360000.0,316000.0,,http://localhost/teddy-shop/wp-content/uploads/2026/05/mk-cuubongtrang.jpg,,TS-176,Kích thước,Mini,,1,1,50
variable,TS-177,Móc Khóa Chim Cánh Cụt,1,,,Gối bông và phụ kiện > Móc khóa gấu bông,http://localhost/teddy-shop/wp-content/uploads/2026/05/mk-chimcanhcut.jpeg,"Móc Khóa Chim Cánh Cụt được làm từ chất liệu cao cấp, bông PP 3D tinh khiết siêu mềm mịn. Thiết kế tinh xảo, đường may chắc chắn, phù hợp làm quà tặng hoặc trang trí.",,Kích thước,Mini,1.0,1,1,
variation,TS-177-1,Móc Khóa Chim Cánh Cụt - Mini,1,230000.0,202000.0,,http://localhost/teddy-shop/wp-content/uploads/2026/05/mk-chimcanhcut.jpeg,,TS-177,Kích thước,Mini,,1,1,50
variable,TS-178,Móc Khóa Gấu Trúc Panda,1,,,Gối bông và phụ kiện > Móc khóa gấu bông,http://localhost/teddy-shop/wp-content/uploads/2026/05/mk-gautruc.webp,"Móc Khóa Gấu Trúc Panda được làm từ chất liệu cao cấp, bông PP 3D tinh khiết siêu mềm mịn. Thiết kế tinh xảo, đường may chắc chắn, phù hợp làm quà tặng hoặc trang trí.",,Kích thước,Mini,1.0,1,1,
variation,TS-178-1,Móc Khóa Gấu Trúc Panda - Mini,1,310000.0,272000.0,,http://localhost/teddy-shop/wp-content/uploads/2026/05/mk-gautruc.webp,,TS-178,Kích thước,Mini,,1,1,50
variable,TS-179,Móc Khóa Heo Hồng Mini,1,,,Gối bông và phụ kiện > Móc khóa gấu bông,http://localhost/teddy-shop/wp-content/uploads/2026/05/mk-heohong.jpg,"Móc Khóa Heo Hồng Mini được làm từ chất liệu cao cấp, bông PP 3D tinh khiết siêu mềm mịn. Thiết kế tinh xảo, đường may chắc chắn, phù hợp làm quà tặng hoặc trang trí.",,Kích thước,Mini,1.0,1,1,
variation,TS-179-1,Móc Khóa Heo Hồng Mini - Mini,1,370000.0,325000.0,,http://localhost/teddy-shop/wp-content/uploads/2026/05/mk-heohong.jpg,,TS-179,Kích thước,Mini,,1,1,50
variable,TS-180,Bó Hoa Gấu Loopy Tone Trắng Xanh,1,,,Bộ quà tặng > Bó hoa gấu bông,http://localhost/teddy-shop/wp-content/uploads/2026/05/bohoa-loopytrangxanh.webp,"Bó Hoa Gấu Loopy Tone Trắng Xanh được làm từ chất liệu cao cấp, bông PP 3D tinh khiết siêu mềm mịn. Thiết kế tinh xảo, đường may chắc chắn, phù hợp làm quà tặng hoặc trang trí.",,Phiên bản,"Tiêu chuẩn, Cao cấp",1.0,1,1,
variation,TS-180-1,Bó Hoa Gấu Loopy Tone Trắng Xanh - Tiêu chuẩn,1,120000.0,105000.0,,http://localhost/teddy-shop/wp-content/uploads/2026/05/bohoa-loopytrangxanh.webp,,TS-180,Phiên bản,Tiêu chuẩn,,1,1,50
variation,TS-180-2,Bó Hoa Gấu Loopy Tone Trắng Xanh - Cao cấp,1,190000.0,167000.0,,http://localhost/teddy-shop/wp-content/uploads/2026/05/bohoa-loopytrangxanh.webp,,TS-180,Phiên bản,Cao cấp,,1,1,50
variable,TS-181,Bó Hoa Kuromi Tím Mộng Mơ,1,,,Bộ quà tặng > Bó hoa gấu bông,http://localhost/teddy-shop/wp-content/uploads/2026/05/bohoa-kuromi.jpg,"Bó Hoa Kuromi Tím Mộng Mơ được làm từ chất liệu cao cấp, bông PP 3D tinh khiết siêu mềm mịn. Thiết kế tinh xảo, đường may chắc chắn, phù hợp làm quà tặng hoặc trang trí.",,Phiên bản,"Tiêu chuẩn, Cao cấp",1.0,1,1,
variation,TS-181-1,Bó Hoa Kuromi Tím Mộng Mơ - Tiêu chuẩn,1,310000.0,272000.0,,http://localhost/teddy-shop/wp-content/uploads/2026/05/bohoa-kuromi.jpg,,TS-181,Phiên bản,Tiêu chuẩn,,1,1,50
variation,TS-181-2,Bó Hoa Kuromi Tím Mộng Mơ - Cao cấp,1,380000.0,334000.0,,http://localhost/teddy-shop/wp-content/uploads/2026/05/bohoa-kuromi.jpg,,TS-181,Phiên bản,Cao cấp,,1,1,50
variable,TS-182,Bó Hoa Gấu Dâu Lotso Thơm Lừng,1,,,Bộ quà tặng > Bó hoa gấu bông,http://localhost/teddy-shop/wp-content/uploads/2026/05/bohoa-gaudau.jpg,"Bó Hoa Gấu Dâu Lotso Thơm Lừng được làm từ chất liệu cao cấp, bông PP 3D tinh khiết siêu mềm mịn. Thiết kế tinh xảo, đường may chắc chắn, phù hợp làm quà tặng hoặc trang trí.",,Phiên bản,"Tiêu chuẩn, Cao cấp",1.0,1,1,
variation,TS-182-1,Bó Hoa Gấu Dâu Lotso Thơm Lừng - Tiêu chuẩn,1,300000.0,264000.0,,http://localhost/teddy-shop/wp-content/uploads/2026/05/bohoa-gaudau.jpg,,TS-182,Phiên bản,Tiêu chuẩn,,1,1,50
variation,TS-182-2,Bó Hoa Gấu Dâu Lotso Thơm Lừng - Cao cấp,1,370000.0,325000.0,,http://localhost/teddy-shop/wp-content/uploads/2026/05/bohoa-gaudau.jpg,,TS-182,Phiên bản,Cao cấp,,1,1,50
variable,TS-183,Bó Hoa Doraemon Xanh Hy Vọng,1,,,Bộ quà tặng > Bó hoa gấu bông,hhttp://localhost/teddy-shop/wp-content/uploads/2026/05/bohoa-doraemon.webp,"Bó Hoa Doraemon Xanh Hy Vọng được làm từ chất liệu cao cấp, bông PP 3D tinh khiết siêu mềm mịn. Thiết kế tinh xảo, đường may chắc chắn, phù hợp làm quà tặng hoặc trang trí.",,Phiên bản,"Tiêu chuẩn, Cao cấp",1.0,1,1,
variation,TS-183-1,Bó Hoa Doraemon Xanh Hy Vọng - Tiêu chuẩn,1,250000.0,220000.0,,hhttp://localhost/teddy-shop/wp-content/uploads/2026/05/bohoa-doraemon.webp,,TS-183,Phiên bản,Tiêu chuẩn,,1,1,50
variation,TS-183-2,Bó Hoa Doraemon Xanh Hy Vọng - Cao cấp,1,320000.0,281000.0,,hhttp://localhost/teddy-shop/wp-content/uploads/2026/05/bohoa-doraemon.webp,,TS-183,Phiên bản,Cao cấp,,1,1,50
variable,TS-184,Bó Hoa Thỏ Con Tình Yêu,1,,,Bộ quà tặng > Bó hoa gấu bông,http://localhost/teddy-shop/wp-content/uploads/2026/05/bohoa-thocon.webp,"Bó Hoa Thỏ Con Tình Yêu được làm từ chất liệu cao cấp, bông PP 3D tinh khiết siêu mềm mịn. Thiết kế tinh xảo, đường may chắc chắn, phù hợp làm quà tặng hoặc trang trí.",,Phiên bản,"Tiêu chuẩn, Cao cấp",1.0,1,1,
variation,TS-184-1,Bó Hoa Thỏ Con Tình Yêu - Tiêu chuẩn,1,390000.0,343000.0,,http://localhost/teddy-shop/wp-content/uploads/2026/05/bohoa-thocon.webp,,TS-184,Phiên bản,Tiêu chuẩn,,1,1,50
variation,TS-184-2,Bó Hoa Thỏ Con Tình Yêu - Cao cấp,1,460000.0,404000.0,,http://localhost/teddy-shop/wp-content/uploads/2026/05/bohoa-thocon.webp,,TS-184,Phiên bản,Cao cấp,,1,1,50
variable,TS-185,Bó Hoa Gấu Tốt Nghiệp Cao Cấp,1,,,Bộ quà tặng > Bó hoa gấu bông,http://localhost/teddy-shop/wp-content/uploads/2026/05/bohoa-gautotnghiep.jpg,"Bó Hoa Gấu Tốt Nghiệp Cao Cấp được làm từ chất liệu cao cấp, bông PP 3D tinh khiết siêu mềm mịn. Thiết kế tinh xảo, đường may chắc chắn, phù hợp làm quà tặng hoặc trang trí.",,Phiên bản,"Tiêu chuẩn, Cao cấp",1.0,1,1,
variation,TS-185-1,Bó Hoa Gấu Tốt Nghiệp Cao Cấp - Tiêu chuẩn,1,320000.0,281000.0,,http://localhost/teddy-shop/wp-content/uploads/2026/05/bohoa-gautotnghiep.jpg,,TS-185,Phiên bản,Tiêu chuẩn,,1,1,50
variation,TS-185-2,Bó Hoa Gấu Tốt Nghiệp Cao Cấp - Cao cấp,1,390000.0,343000.0,,http://localhost/teddy-shop/wp-content/uploads/2026/05/bohoa-gautotnghiep.jpg,,TS-185,Phiên bản,Cao cấp,,1,1,50
variable,TS-186,Bó Hoa Mix Nhiều Thú Mini,1,,,Bộ quà tặng > Bó hoa gấu bông,http://localhost/teddy-shop/wp-content/uploads/2026/05/bohoa-mix.jpg,"Bó Hoa Mix Nhiều Thú Mini được làm từ chất liệu cao cấp, bông PP 3D tinh khiết siêu mềm mịn. Thiết kế tinh xảo, đường may chắc chắn, phù hợp làm quà tặng hoặc trang trí.",,Phiên bản,"Tiêu chuẩn, Cao cấp",1.0,1,1,
variation,TS-186-1,Bó Hoa Mix Nhiều Thú Mini - Tiêu chuẩn,1,410000.0,360000.0,,http://localhost/teddy-shop/wp-content/uploads/2026/05/bohoa-mix.jpg,,TS-186,Phiên bản,Tiêu chuẩn,,1,1,50
variation,TS-186-2,Bó Hoa Mix Nhiều Thú Mini - Cao cấp,1,480000.0,422000.0,,http://localhost/teddy-shop/wp-content/uploads/2026/05/bohoa-mix.jpg,,TS-186,Phiên bản,Cao cấp,,1,1,50
variable,TS-187,Bó Hoa Corgi Ngộ Nghĩnh,1,,,Bộ quà tặng > Bó hoa gấu bông,http://localhost/teddy-shop/wp-content/uploads/2026/05/bohoa-corgi.jpg,"Bó Hoa Corgi Ngộ Nghĩnh được làm từ chất liệu cao cấp, bông PP 3D tinh khiết siêu mềm mịn. Thiết kế tinh xảo, đường may chắc chắn, phù hợp làm quà tặng hoặc trang trí.",,Phiên bản,"Tiêu chuẩn, Cao cấp",1.0,1,1,
variation,TS-187-1,Bó Hoa Corgi Ngộ Nghĩnh - Tiêu chuẩn,1,400000.0,352000.0,,http://localhost/teddy-shop/wp-content/uploads/2026/05/bohoa-corgi.jpg,,TS-187,Phiên bản,Tiêu chuẩn,,1,1,50
variation,TS-187-2,Bó Hoa Corgi Ngộ Nghĩnh - Cao cấp,1,470000.0,413000.0,,http://localhost/teddy-shop/wp-content/uploads/2026/05/bohoa-corgi.jpg,,TS-187,Phiên bản,Cao cấp,,1,1,50
variable,TS-188,Bó Hoa Hello Kitty Kèm Hoa Sáp,1,,,Bộ quà tặng > Bó hoa gấu bông,http://localhost/teddy-shop/wp-content/uploads/2026/05/bohoa-kitty.jpg,"Bó Hoa Hello Kitty Kèm Hoa Sáp được làm từ chất liệu cao cấp, bông PP 3D tinh khiết siêu mềm mịn. Thiết kế tinh xảo, đường may chắc chắn, phù hợp làm quà tặng hoặc trang trí.",,Phiên bản,"Tiêu chuẩn, Cao cấp",1.0,1,1,
variation,TS-188-1,Bó Hoa Hello Kitty Kèm Hoa Sáp - Tiêu chuẩn,1,400000.0,352000.0,,http://localhost/teddy-shop/wp-content/uploads/2026/05/bohoa-kitty.jpg,,TS-188,Phiên bản,Tiêu chuẩn,,1,1,50
variation,TS-188-2,Bó Hoa Hello Kitty Kèm Hoa Sáp - Cao cấp,1,470000.0,413000.0,,http://localhost/teddy-shop/wp-content/uploads/2026/05/bohoa-kitty.jpg,,TS-188,Phiên bản,Cao cấp,,1,1,50
variable,TS-189,Bó Hoa Loopy Dễ Thương,1,,,Bộ quà tặng > Bó hoa gấu bông,http://localhost/teddy-shop/wp-content/uploads/2026/05/bohoa-loopy.jpg,"Bó Hoa Loopy Dễ Thương được làm từ chất liệu cao cấp, bông PP 3D tinh khiết siêu mềm mịn. Thiết kế tinh xảo, đường may chắc chắn, phù hợp làm quà tặng hoặc trang trí.",,Phiên bản,"Tiêu chuẩn, Cao cấp",1.0,1,1,
variation,TS-189-1,Bó Hoa Loopy Dễ Thương - Tiêu chuẩn,1,250000.0,220000.0,,http://localhost/teddy-shop/wp-content/uploads/2026/05/bohoa-loopy.jpg,,TS-189,Phiên bản,Tiêu chuẩn,,1,1,50
variation,TS-189-2,Bó Hoa Loopy Dễ Thương - Cao cấp,1,320000.0,281000.0,,http://localhost/teddy-shop/wp-content/uploads/2026/05/bohoa-loopy.jpg,,TS-189,Phiên bản,Cao cấp,,1,1,50
variable,TS-190,Hộp Quà Gấu Loopy Kèm Đèn Led,1,,,Bộ quà tặng > Hộp quà sinh nhật,http://localhost/teddy-shop/wp-content/uploads/2026/05/hopqua-loopy.jpg,"Hộp Quà Gấu Loopy Kèm Đèn Led được làm từ chất liệu cao cấp, bông PP 3D tinh khiết siêu mềm mịn. Thiết kế tinh xảo, đường may chắc chắn, phù hợp làm quà tặng hoặc trang trí.",,Phiên bản,"Tiêu chuẩn, Cao cấp",1.0,1,1,
variation,TS-190-1,Hộp Quà Gấu Loopy Kèm Đèn Led - Tiêu chuẩn,1,440000.0,387000.0,,http://localhost/teddy-shop/wp-content/uploads/2026/05/hopqua-loopy.jpg,,TS-190,Phiên bản,Tiêu chuẩn,,1,1,50
variation,TS-190-2,Hộp Quà Gấu Loopy Kèm Đèn Led - Cao cấp,1,510000.0,448000.0,,http://localhost/teddy-shop/wp-content/uploads/2026/05/hopqua-loopy.jpg,,TS-190,Phiên bản,Cao cấp,,1,1,50
variable,TS-191,Hộp Quà Kuromi Sang Trọng,1,,,Bộ quà tặng > Hộp quà sinh nhật,http://localhost/teddy-shop/wp-content/uploads/2026/05/hopqua-kuromi.webp,"Hộp Quà Kuromi Sang Trọng được làm từ chất liệu cao cấp, bông PP 3D tinh khiết siêu mềm mịn. Thiết kế tinh xảo, đường may chắc chắn, phù hợp làm quà tặng hoặc trang trí.",,Phiên bản,"Tiêu chuẩn, Cao cấp",1.0,1,1,
variation,TS-191-1,Hộp Quà Kuromi Sang Trọng - Tiêu chuẩn,1,420000.0,369000.0,,http://localhost/teddy-shop/wp-content/uploads/2026/05/hopqua-kuromi.webp,,TS-191,Phiên bản,Tiêu chuẩn,,1,1,50
variation,TS-191-2,Hộp Quà Kuromi Sang Trọng - Cao cấp,1,490000.0,431000.0,,http://localhost/teddy-shop/wp-content/uploads/2026/05/hopqua-kuromi.webp,,TS-191,Phiên bản,Cao cấp,,1,1,50
variable,TS-192,Hộp Quà Gấu Bông & Socola,1,,,Bộ quà tặng > Hộp quà sinh nhật,http://localhost/teddy-shop/wp-content/uploads/2026/05/hopqua-gausocola.jpg,"Hộp Quà Gấu Bông & Socola được làm từ chất liệu cao cấp, bông PP 3D tinh khiết siêu mềm mịn. Thiết kế tinh xảo, đường may chắc chắn, phù hợp làm quà tặng hoặc trang trí.",,Phiên bản,"Tiêu chuẩn, Cao cấp",1.0,1,1,
variation,TS-192-1,Hộp Quà Gấu Bông & Socola - Tiêu chuẩn,1,220000.0,193000.0,,http://localhost/teddy-shop/wp-content/uploads/2026/05/hopqua-gausocola.jpg,,TS-192,Phiên bản,Tiêu chuẩn,,1,1,50
variation,TS-192-2,Hộp Quà Gấu Bông & Socola - Cao cấp,1,290000.0,255000.0,,http://localhost/teddy-shop/wp-content/uploads/2026/05/hopqua-gausocola.jpg,,TS-192,Phiên bản,Cao cấp,,1,1,50
variable,TS-193,Hộp Quà Doraemon Bất Ngờ,1,,,Bộ quà tặng > Hộp quà sinh nhật,http://localhost/teddy-shop/wp-content/uploads/2026/05/hopqua-doraemon.jpg,"Hộp Quà Doraemon Bất Ngờ được làm từ chất liệu cao cấp, bông PP 3D tinh khiết siêu mềm mịn. Thiết kế tinh xảo, đường may chắc chắn, phù hợp làm quà tặng hoặc trang trí.",,Phiên bản,"Tiêu chuẩn, Cao cấp",1.0,1,1,
variation,TS-193-1,Hộp Quà Doraemon Bất Ngờ - Tiêu chuẩn,1,170000.0,149000.0,,http://localhost/teddy-shop/wp-content/uploads/2026/05/hopqua-doraemon.jpg,,TS-193,Phiên bản,Tiêu chuẩn,,1,1,50
variation,TS-193-2,Hộp Quà Doraemon Bất Ngờ - Cao cấp,1,240000.0,211000.0,,http://localhost/teddy-shop/wp-content/uploads/2026/05/hopqua-doraemon.jpg,,TS-193,Phiên bản,Cao cấp,,1,1,50
variable,TS-194,Hộp Quà Gấu Dâu Kèm Son Môi,1,,,Bộ quà tặng > Hộp quà sinh nhật,http://localhost/teddy-shop/wp-content/uploads/2026/05/hopqua-gaukemson.jpg,"Hộp Quà Gấu Dâu Kèm Son Môi được làm từ chất liệu cao cấp, bông PP 3D tinh khiết siêu mềm mịn. Thiết kế tinh xảo, đường may chắc chắn, phù hợp làm quà tặng hoặc trang trí.",,Phiên bản,"Tiêu chuẩn, Cao cấp",1.0,1,1,
variation,TS-194-1,Hộp Quà Gấu Dâu Kèm Son Môi - Tiêu chuẩn,1,300000.0,264000.0,,http://localhost/teddy-shop/wp-content/uploads/2026/05/hopqua-gaukemson.jpg,,TS-194,Phiên bản,Tiêu chuẩn,,1,1,50
variation,TS-194-2,Hộp Quà Gấu Dâu Kèm Son Môi - Cao cấp,1,370000.0,325000.0,,http://localhost/teddy-shop/wp-content/uploads/2026/05/hopqua-gaukemson.jpg,,TS-194,Phiên bản,Cao cấp,,1,1,50
variable,TS-195,Hộp Quà Thỏ Bông Lời Chúc Ngọt Ngào,1,,,Bộ quà tặng > Hộp quà sinh nhật,http://localhost/teddy-shop/wp-content/uploads/2026/05/hopqua-thobong.jpg,"Hộp Quà Thỏ Bông Lời Chúc Ngọt Ngào được làm từ chất liệu cao cấp, bông PP 3D tinh khiết siêu mềm mịn. Thiết kế tinh xảo, đường may chắc chắn, phù hợp làm quà tặng hoặc trang trí.",,Phiên bản,"Tiêu chuẩn, Cao cấp",1.0,1,1,
variation,TS-195-1,Hộp Quà Thỏ Bông Lời Chúc Ngọt Ngào - Tiêu chuẩn,1,440000.0,387000.0,,http://localhost/teddy-shop/wp-content/uploads/2026/05/hopqua-thobong.jpg,,TS-195,Phiên bản,Tiêu chuẩn,,1,1,50
variation,TS-195-2,Hộp Quà Thỏ Bông Lời Chúc Ngọt Ngào - Cao cấp,1,510000.0,448000.0,,http://localhost/teddy-shop/wp-content/uploads/2026/05/hopqua-thobong.jpg,,TS-195,Phiên bản,Cao cấp,,1,1,50
variable,TS-196,Hộp Quà Dâu Gấu Loopy,1,,,Bộ quà tặng > Hộp quà sinh nhật,http://localhost/teddy-shop/wp-content/uploads/2026/05/hopqua-dauloopy.jpeg,"Hộp Quà Dâu Gấu Loopy được làm từ chất liệu cao cấp, bông PP 3D tinh khiết siêu mềm mịn. Thiết kế tinh xảo, đường may chắc chắn, phù hợp làm quà tặng hoặc trang trí.",,Phiên bản,"Tiêu chuẩn, Cao cấp",1.0,1,1,
variation,TS-196-1,Hộp Quà Dâu Gấu Loopy - Tiêu chuẩn,1,330000.0,290000.0,,http://localhost/teddy-shop/wp-content/uploads/2026/05/hopqua-dauloopy.jpeg,,TS-196,Phiên bản,Tiêu chuẩn,,1,1,50
variation,TS-196-2,Hộp Quà Dâu Gấu Loopy - Cao cấp,1,400000.0,352000.0,,http://localhost/teddy-shop/wp-content/uploads/2026/05/hopqua-dauloopy.jpeg,,TS-196,Phiên bản,Cao cấp,,1,1,50
variable,TS-197,Hộp hoa sáp kèm bé Babythree Màu Hồng,1,,,Bộ quà tặng > Hộp quà sinh nhật,http://localhost/teddy-shop/wp-content/uploads/2026/05/hopqua-baby3hong.webp,"Hộp hoa sáp kèm bé Babythree Màu Hồng được làm từ chất liệu cao cấp, bông PP 3D tinh khiết siêu mềm mịn. Thiết kế tinh xảo, đường may chắc chắn, phù hợp làm quà tặng hoặc trang trí.",,Phiên bản,"Tiêu chuẩn, Cao cấp",1.0,1,1,
variation,TS-197-1,Hộp hoa sáp kèm bé Babythree Màu Hồng - Tiêu chuẩn,1,170000.0,149000.0,,http://localhost/teddy-shop/wp-content/uploads/2026/05/hopqua-baby3hong.webp,,TS-197,Phiên bản,Tiêu chuẩn,,1,1,50
variation,TS-197-2,Hộp hoa sáp kèm bé Babythree Màu Hồng - Cao cấp,1,240000.0,211000.0,,http://localhost/teddy-shop/wp-content/uploads/2026/05/hopqua-baby3hong.webp,,TS-197,Phiên bản,Cao cấp,,1,1,50
variable,TS-198,Hộp hoa sáp kèm bé Babythree Màu Xanh ,1,,,Bộ quà tặng > Hộp quà sinh nhật,http://localhost/teddy-shop/wp-content/uploads/2026/05/hopqua-baby3xanh.webp,"Hộp hoa sáp kèm bé Babythree Màu Xanh  được làm từ chất liệu cao cấp, bông PP 3D tinh khiết siêu mềm mịn. Thiết kế tinh xảo, đường may chắc chắn, phù hợp làm quà tặng hoặc trang trí.",,Phiên bản,"Tiêu chuẩn, Cao cấp",1.0,1,1,
variation,TS-198-1,Hộp hoa sáp kèm bé Babythree Màu Xanh  - Tiêu chuẩn,1,270000.0,237000.0,,http://localhost/teddy-shop/wp-content/uploads/2026/05/hopqua-baby3xanh.webp,,TS-198,Phiên bản,Tiêu chuẩn,,1,1,50
variation,TS-198-2,Hộp hoa sáp kèm bé Babythree Màu Xanh  - Cao cấp,1,340000.0,299000.0,,http://localhost/teddy-shop/wp-content/uploads/2026/05/hopqua-baby3xanh.webp,,TS-198,Phiên bản,Cao cấp,,1,1,50
variable,TS-199,Hộp Quà Baby Three Hải Sản,1,,,Bộ quà tặng > Hộp quà sinh nhật,http://localhost/teddy-shop/wp-content/uploads/2026/05/hopqua-baby3haisan.webp,"Hộp Quà Baby Three Hải Sản được làm từ chất liệu cao cấp, bông PP 3D tinh khiết siêu mềm mịn. Thiết kế tinh xảo, đường may chắc chắn, phù hợp làm quà tặng hoặc trang trí.",,Phiên bản,"Tiêu chuẩn, Cao cấp",1.0,1,1,
variation,TS-199-1,Hộp Quà Baby Three Hải Sản - Tiêu chuẩn,1,310000.0,272000.0,,http://localhost/teddy-shop/wp-content/uploads/2026/05/hopqua-baby3haisan.webp,,TS-199,Phiên bản,Tiêu chuẩn,,1,1,50
variation,TS-199-2,Hộp Quà Baby Three Hải Sản - Cao cấp,1,380000.0,334000.0,,http://localhost/teddy-shop/wp-content/uploads/2026/05/hopqua-baby3haisan.webp,,TS-199,Phiên bản,Cao cấp,,1,1,50
variable,TS-200,Set Quà Giáng Sinh,1,,,Bộ quà tặng > Set quà tặng kỷ niệm,http://localhost/teddy-shop/wp-content/uploads/2026/05/hopqua-giangsinh.jpg,"Set Quà Giáng Sinh được làm từ chất liệu cao cấp, bông PP 3D tinh khiết siêu mềm mịn. Thiết kế tinh xảo, đường may chắc chắn, phù hợp làm quà tặng hoặc trang trí.",,Phiên bản,"Tiêu chuẩn, Cao cấp",1.0,1,1,
variation,TS-200-1,Set Quà Giáng Sinh - Tiêu chuẩn,1,260000.0,228000.0,,http://localhost/teddy-shop/wp-content/uploads/2026/05/hopqua-giangsinh.jpg,,TS-200,Phiên bản,Tiêu chuẩn,,1,1,50
variation,TS-200-2,Set Quà Giáng Sinh - Cao cấp,1,330000.0,290000.0,,http://localhost/teddy-shop/wp-content/uploads/2026/05/hopqua-giangsinh.jpg,,TS-200,Phiên bản,Cao cấp,,1,1,50
variable,TS-201,Hộp Quà Kỷ Niệm Gấu Bông & Đèn,1,,,Bộ quà tặng > Set quà tặng kỷ niệm,http://localhost/teddy-shop/wp-content/uploads/2026/05/hopqua-gaubongvaden.webp,"Hộp Quà Kỷ Niệm Gấu Bông & Đèn được làm từ chất liệu cao cấp, bông PP 3D tinh khiết siêu mềm mịn. Thiết kế tinh xảo, đường may chắc chắn, phù hợp làm quà tặng hoặc trang trí.",,Phiên bản,"Tiêu chuẩn, Cao cấp",1.0,1,1,
variation,TS-201-1,Hộp Quà Kỷ Niệm Gấu Bông & Đèn - Tiêu chuẩn,1,240000.0,211000.0,,http://localhost/teddy-shop/wp-content/uploads/2026/05/hopqua-gaubongvaden.webp,,TS-201,Phiên bản,Tiêu chuẩn,,1,1,50
variation,TS-201-2,Hộp Quà Kỷ Niệm Gấu Bông & Đèn - Cao cấp,1,310000.0,272000.0,,http://localhost/teddy-shop/wp-content/uploads/2026/05/hopqua-gaubongvaden.webp,,TS-201,Phiên bản,Cao cấp,,1,1,50
variable,TS-202,Set Quà 1 Năm Yêu Nhau,1,,,Bộ quà tặng > Set quà tặng kỷ niệm,http://localhost/teddy-shop/wp-content/uploads/2026/05/set-1namyeunhau.webp,"Set Quà 1 Năm Yêu Nhau được làm từ chất liệu cao cấp, bông PP 3D tinh khiết siêu mềm mịn. Thiết kế tinh xảo, đường may chắc chắn, phù hợp làm quà tặng hoặc trang trí.",,Phiên bản,"Tiêu chuẩn, Cao cấp",1.0,1,1,
variation,TS-202-1,Set Quà 1 Năm Yêu Nhau - Tiêu chuẩn,1,210000.0,184000.0,,http://localhost/teddy-shop/wp-content/uploads/2026/05/set-1namyeunhau.webp,,TS-202,Phiên bản,Tiêu chuẩn,,1,1,50
variation,TS-202-2,Set Quà 1 Năm Yêu Nhau - Cao cấp,1,280000.0,246000.0,,http://localhost/teddy-shop/wp-content/uploads/2026/05/set-1namyeunhau.webp,,TS-202,Phiên bản,Cao cấp,,1,1,50
variable,TS-203,Set Khinh Khí Cầu Gấu Bông,1,,,Bộ quà tặng > Set quà tặng kỷ niệm,http://localhost/teddy-shop/wp-content/uploads/2026/05/set-khinhkhicau.jpg,"Set Khinh Khí Cầu Gấu Bông được làm từ chất liệu cao cấp, bông PP 3D tinh khiết siêu mềm mịn. Thiết kế tinh xảo, đường may chắc chắn, phù hợp làm quà tặng hoặc trang trí.",,Phiên bản,"Tiêu chuẩn, Cao cấp",1.0,1,1,
variation,TS-203-1,Set Khinh Khí Cầu Gấu Bông - Tiêu chuẩn,1,130000.0,114000.0,,http://localhost/teddy-shop/wp-content/uploads/2026/05/set-khinhkhicau.jpg,,TS-203,Phiên bản,Tiêu chuẩn,,1,1,50
variation,TS-203-2,Set Khinh Khí Cầu Gấu Bông - Cao cấp,1,200000.0,176000.0,,http://localhost/teddy-shop/wp-content/uploads/2026/05/set-khinhkhicau.jpg,,TS-203,Phiên bản,Cao cấp,,1,1,50
variable,TS-204,Hộp Quà Mica Teddy,1,,,Bộ quà tặng > Set quà tặng kỷ niệm,http://localhost/teddy-shop/wp-content/uploads/2026/05/set-micateddy.jpeg,"Hộp Quà Mica Teddy được làm từ chất liệu cao cấp, bông PP 3D tinh khiết siêu mềm mịn. Thiết kế tinh xảo, đường may chắc chắn, phù hợp làm quà tặng hoặc trang trí.",,Phiên bản,"Tiêu chuẩn, Cao cấp",1.0,1,1,
variation,TS-204-1,Hộp Quà Mica Teddy - Tiêu chuẩn,1,140000.0,123000.0,,http://localhost/teddy-shop/wp-content/uploads/2026/05/set-micateddy.jpeg,,TS-204,Phiên bản,Tiêu chuẩn,,1,1,50
variation,TS-204-2,Hộp Quà Mica Teddy - Cao cấp,1,210000.0,184000.0,,http://localhost/teddy-shop/wp-content/uploads/2026/05/set-micateddy.jpeg,,TS-204,Phiên bản,Cao cấp,,1,1,50
variable,TS-205,Set Quà Cặp Đôi Gấu Ôm Hoa,1,,,Bộ quà tặng > Set quà tặng kỷ niệm,http://localhost/teddy-shop/wp-content/uploads/2026/05/set-gauomhoa.webp,"Set Quà Cặp Đôi Gấu Ôm Hoa được làm từ chất liệu cao cấp, bông PP 3D tinh khiết siêu mềm mịn. Thiết kế tinh xảo, đường may chắc chắn, phù hợp làm quà tặng hoặc trang trí.",,Phiên bản,"Tiêu chuẩn, Cao cấp",1.0,1,1,
variation,TS-205-1,Set Quà Cặp Đôi Gấu Ôm Hoa - Tiêu chuẩn,1,270000.0,237000.0,,http://localhost/teddy-shop/wp-content/uploads/2026/05/set-gauomhoa.webp,,TS-205,Phiên bản,Tiêu chuẩn,,1,1,50
variation,TS-205-2,Set Quà Cặp Đôi Gấu Ôm Hoa - Cao cấp,1,340000.0,299000.0,,http://localhost/teddy-shop/wp-content/uploads/2026/05/set-gauomhoa.webp,,TS-205,Phiên bản,Cao cấp,,1,1,50
variable,TS-206,Hộp Quà Kỷ Niệm Baby Three,1,,,Bộ quà tặng > Set quà tặng kỷ niệm,http://localhost/teddy-shop/wp-content/uploads/2026/05/hopqua-kiniembaby3.jpg,"Hộp Quà Kỷ Niệm Baby Three được làm từ chất liệu cao cấp, bông PP 3D tinh khiết siêu mềm mịn. Thiết kế tinh xảo, đường may chắc chắn, phù hợp làm quà tặng hoặc trang trí.",,Phiên bản,"Tiêu chuẩn, Cao cấp",1.0,1,1,
variation,TS-206-1,Hộp Quà Kỷ Niệm Baby Three - Tiêu chuẩn,1,420000.0,369000.0,,http://localhost/teddy-shop/wp-content/uploads/2026/05/hopqua-kiniembaby3.jpg,,TS-206,Phiên bản,Tiêu chuẩn,,1,1,50
variation,TS-206-2,Hộp Quà Kỷ Niệm Baby Three - Cao cấp,1,490000.0,431000.0,,http://localhost/teddy-shop/wp-content/uploads/2026/05/hopqua-kiniembaby3.jpg,,TS-206,Phiên bản,Cao cấp,,1,1,50
variable,TS-207,Set Quà Gấu Brown,1,,,Bộ quà tặng > Set quà tặng kỷ niệm,http://localhost/teddy-shop/wp-content/uploads/2026/05/set-gaubrown.jpg,"Set Quà Gấu Brown được làm từ chất liệu cao cấp, bông PP 3D tinh khiết siêu mềm mịn. Thiết kế tinh xảo, đường may chắc chắn, phù hợp làm quà tặng hoặc trang trí.",,Phiên bản,"Tiêu chuẩn, Cao cấp",1.0,1,1,
variation,TS-207-1,Set Quà Gấu Brown - Tiêu chuẩn,1,160000.0,140000.0,,http://localhost/teddy-shop/wp-content/uploads/2026/05/set-gaubrown.jpg,,TS-207,Phiên bản,Tiêu chuẩn,,1,1,50
variation,TS-207-2,Set Quà Gấu Brown - Cao cấp,1,230000.0,202000.0,,http://localhost/teddy-shop/wp-content/uploads/2026/05/set-gaubrown.jpg,,TS-207,Phiên bản,Cao cấp,,1,1,50
variable,TS-208,Set Quà Lãng Mạn Gấu Trắng,1,,,Bộ quà tặng > Set quà tặng kỷ niệm,http://localhost/teddy-shop/wp-content/uploads/2026/05/set-gautrang.webp,"Set Quà Lãng Mạn Gấu Trắng được làm từ chất liệu cao cấp, bông PP 3D tinh khiết siêu mềm mịn. Thiết kế tinh xảo, đường may chắc chắn, phù hợp làm quà tặng hoặc trang trí.",,Phiên bản,"Tiêu chuẩn, Cao cấp",1.0,1,1,
variation,TS-208-1,Set Quà Lãng Mạn Gấu Trắng - Tiêu chuẩn,1,410000.0,360000.0,,http://localhost/teddy-shop/wp-content/uploads/2026/05/set-gautrang.webp,,TS-208,Phiên bản,Tiêu chuẩn,,1,1,50
variation,TS-208-2,Set Quà Lãng Mạn Gấu Trắng - Cao cấp,1,480000.0,422000.0,,http://localhost/teddy-shop/wp-content/uploads/2026/05/set-gautrang.webp,,TS-208,Phiên bản,Cao cấp,,1,1,50
variable,TS-209,Hộp Quà Kỷ Niệm Thiên Thần,1,,,Bộ quà tặng > Set quà tặng kỷ niệm,http://localhost/teddy-shop/wp-content/uploads/2026/05/hopqua-thien-than.jpg,"Hộp Quà Kỷ Niệm Thiên Thần được làm từ chất liệu cao cấp, bông PP 3D tinh khiết siêu mềm mịn. Thiết kế tinh xảo, đường may chắc chắn, phù hợp làm quà tặng hoặc trang trí.",,Phiên bản,"Tiêu chuẩn, Cao cấp",1.0,1,1,
variation,TS-209-1,Hộp Quà Kỷ Niệm Thiên Thần - Tiêu chuẩn,1,380000.0,334000.0,,http://localhost/teddy-shop/wp-content/uploads/2026/05/hopqua-thien-than.jpg,,TS-209,Phiên bản,Tiêu chuẩn,,1,1,50
variation,TS-209-2,Hộp Quà Kỷ Niệm Thiên Thần - Cao cấp,1,450000.0,396000.0,,http://localhost/teddy-shop/wp-content/uploads/2026/05/hopqua-thien-than.jpg,,TS-209,Phiên bản,Cao cấp,,1,1,50
